Data Source,World Development Indicators,,,,,,,,,,,,,,,,,,,,,,,,,,,,,,,,,,,,,,,,,,,,,,,,,,,,,,,,,,,,,,,,,,
,,,,,,,,,,,,,,,,,,,,,,,,,,,,,,,,,,,,,,,,,,,,,,,,,,,,,,,,,,,,,,,,,,,
Last Updated Date,1/28/2025,,,,,,,,,,,,,,,,,,,,,,,,,,,,,,,,,,,,,,,,,,,,,,,,,,,,,,,,,,,,,,,,,,
,,,,,,,,,,,,,,,,,,,,,,,,,,,,,,,,,,,,,,,,,,,,,,,,,,,,,,,,,,,,,,,,,,,
Country Name,Country Code,Indicator Name,Indicator Code,1960,1961,1962,1963,1964,1965,1966,1967,1968,1969,1970,1971,1972,1973,1974,1975,1976,1977,1978,1979,1980,1981,1982,1983,1984,1985,1986,1987,1988,1989,1990,1991,1992,1993,1994,1995,1996,1997,1998,1999,2000,2001,2002,2003,2004,2005,2006,2007,2008,2009,2010,2011,2012,2013,2014,2015,2016,2017,2018,2019,2020,2021,2022,2023
Aruba,ABW,Real effective exchange rate index (2010 = 100),PX.REX.REER,,,,,,,,,,,,,,,,,,,,,,,,,,,,,,,,,,,,,,,,,,,,,,,,,,,,,,,,,,,,,,,,
Africa Eastern and Southern,AFE,Real effective exchange rate index (2010 = 100),PX.REX.REER,,,,,,,,,,,,,,,,,,,,,,,,,,,,,,,,,,,,,,,,,,,,,,,,,,,,,,,,,,,,,,,,
Afghanistan,AFG,Real effective exchange rate index (2010 = 100),PX.REX.REER,,,,,,,,,,,,,,,,,,,,,,,,,,,,,,,,,,,,,,,,,,,,,,,,,,,,,,,,,,,,,,,,
Africa Western and Central,AFW,Real effective exchange rate index (2010 = 100),PX.REX.REER,,,,,,,,,,,,,,,,,,,,,,,,,,,,,,,,,,,,,,,,,,,,,,,,,,,,,,,,,,,,,,,,
Angola,AGO,Real effective exchange rate index (2010 = 100),PX.REX.REER,,,,,,,,,,,,,,,,,,,,,,,,,,,,,,,,,,,,,,,,,,,,,,,,,,,,,,,,,,,,,,,,
Albania,ALB,Real effective exchange rate index (2010 = 100),PX.REX.REER,,,,,,,,,,,,,,,,,,,,,,,,,,,,,,,,,,,,,,,,,,,,,,,,,,,,,,,,,,,,,,,,
Andorra,AND,Real effective exchange rate index (2010 = 100),PX.REX.REER,,,,,,,,,,,,,,,,,,,,,,,,,,,,,,,,,,,,,,,,,,,,,,,,,,,,,,,,,,,,,,,,
Arab World,ARB,Real effective exchange rate index (2010 = 100),PX.REX.REER,,,,,,,,,,,,,,,,,,,,,,,,,,,,,,,,,,,,,,,,,,,,,,,,,,,,,,,,,,,,,,,,
United Arab Emirates,ARE,Real effective exchange rate index (2010 = 100),PX.REX.REER,,,,,,,,,,,,,,,,,,,,,,,,,,,,,,,,,,,,,,,,,,,,,,,,,,,,,,,,,,,,,,,,
Argentina,ARG,Real effective exchange rate index (2010 = 100),PX.REX.REER,,,,,,,,,,,,,,,,,,,,,,,,,,,,,,,,,,,,,,,,,,,,,,,,,,,,,,,,,,,,,,,,
Armenia,ARM,Real effective exchange rate index (2010 = 100),PX.REX.REER,,,,,,,,,,,,,,,,,,,,,,,,,,,,,,,,,,,33.46108271,51.99550766,70.8656631,69.86812484,74.05712601,72.75147223,73.99062971,73.1146189,73.73648465,67.94167179,71.64906341,80.08965238,87.011492,99.43945066,107.8622928,99.24431525,100,99.85556549,95.06219158,96.84674778,100.9779385,103.9995795,102.6196433,99.31402038,98.89441772,102.3971422,102.2787958,100.2657085,117.5145675,126.5428236
American Samoa,ASM,Real effective exchange rate index (2010 = 100),PX.REX.REER,,,,,,,,,,,,,,,,,,,,,,,,,,,,,,,,,,,,,,,,,,,,,,,,,,,,,,,,,,,,,,,,
Antigua and Barbuda,ATG,Real effective exchange rate index (2010 = 100),PX.REX.REER,,,,,,,,,,,,,,,,,,,,128.0100465,132.3365411,145.1036757,149.8855178,154.1649468,162.3733609,160.7983806,141.4258467,131.9415576,132.8534819,136.202185,131.4257232,133.1005209,131.0662889,139.030066,117.0447067,113.435001,115.4033477,115.3887814,119.516559,116.9948902,114.6657597,116.9818939,117.7623554,114.075229,110.9389586,108.3424829,106.1583474,98.22103869,95.37684607,99.83967035,100,96.66613412,100.7412317,99.9648805,100.3129002,110.3506829,111.6982422,111.5422728,108.1895026,111.8904434,112.3142375,108.5467813,115.994864,113.903565
Australia,AUS,Real effective exchange rate index (2010 = 100),PX.REX.REER,,,,,,,,,,,,,,,,,,,,,92.31710875,100.2602222,100.653778,98.60005412,101.7167429,85.60703946,74.88026553,74.72083072,82.65218329,88.70228944,86.55392661,85.17359117,76.9553301,71.63719974,75.21638416,73.52967146,80.38270895,79.96874152,73.25804251,73.51103637,70.44539767,67.57068841,70.86126956,79.37263561,85.42318577,87.96656846,87.2411894,92.33494804,90.37434452,87.59363614,100,106.9637935,109.0235565,103.4759899,98.3413287,89.82041289,91.00221372,93.78261965,89.96450386,86.03003688,85.33044793,90.53981354,90.7767729,90.34418946
Austria,AUT,Real effective exchange rate index (2010 = 100),PX.REX.REER,,,,,,,,,,,,,,,,,,,,97.78892665,97.86674075,94.66867129,95.93756938,95.94879099,96.79854231,96.45897772,100.6711913,103.4183593,103.106123,101.858187,103.6708245,101.6306028,103.4484689,106.1633234,106.837719,110.9096332,108.3418354,103.679362,103.2965198,101.502765,98.34439539,98.49091551,99.3007683,102.8040985,103.9210181,102.8746275,102.0084288,102.5712178,102.7406969,103.5908617,100,100.2554343,98.39036195,100.502068,101.8196679,98.33208358,99.87642587,100.9874101,102.8452965,101.7305319,103.6770313,103.9912003,102.686275,106.6383472
Azerbaijan,AZE,Real effective exchange rate index (2010 = 100),PX.REX.REER,,,,,,,,,,,,,,,,,,,,,,,,,,,,,,,,,,,,,,,,,,,,,,,,,,,,,,,,,,,,,,,,
Burundi,BDI,Real effective exchange rate index (2010 = 100),PX.REX.REER,,,,,,,,,,,,,,,,,,,,188.9882709,174.1001203,210.1238066,231.3221591,249.5722602,231.4980438,236.6658708,203.0429843,173.6636028,153.0473434,155.1380322,136.0115205,139.2394506,121.6241994,119.0200207,123.4055272,130.3634079,134.3336516,158.9415475,145.1230776,119.4091014,123.7584932,118.7341843,103.4308588,84.46692141,81.33996124,89.06474126,91.72417605,86.69397342,89.02709827,96.82051564,100,100.7868692,102.6375326,100.6336192,104.3276254,117.5195199,118.8965036,129.2076478,117.9871837,114.1581634,116.3058201,116.6618173,134.2706324,135.6583389
Belgium,BEL,Real effective exchange rate index (2010 = 100),PX.REX.REER,,,,,,,,,,,,,,,,,,,,118.1714994,113.009299,105.0153327,95.78794982,94.7093176,94.11791296,95.28407799,99.23279768,102.359905,100.1232509,98.93335313,103.1713561,101.646252,102.540797,102.4619354,104.1534471,107.9716667,105.2274407,98.9338397,98.74731965,97.02308077,93.03112075,93.64590316,95.12789646,99.72189102,101.3094339,101.0548094,100.6144597,101.4176583,104.1486843,104.213624,100,100.7511027,98.47833601,100.2001974,99.95037905,94.51500176,97.40817573,98.85001021,101.2663615,99.79795998,101.2134096,101.3958668,101.0436275,102.5858665
Benin,BEN,Real effective exchange rate index (2010 = 100),PX.REX.REER,,,,,,,,,,,,,,,,,,,,,,,,,,,,,,,,,,,,,,,,,,,,,,,,,,,,,,,,,,,,,,,,
Burkina Faso,BFA,Real effective exchange rate index (2010 = 100),PX.REX.REER,,,,,,,,,,,,,,,,,,,,,,,,,,,,,,,,,,,,,,,,,,,,,,,,,,,,,,,,,,,,,,,,
Bangladesh,BGD,Real effective exchange rate index (2010 = 100),PX.REX.REER,,,,,,,,,,,,,,,,,,,,,,,,,,,,,,,,,,,,,,,,,,,,,,,,,,,,,,,,,,,,,,,,
Bulgaria,BGR,Real effective exchange rate index (2010 = 100),PX.REX.REER,,,,,,,,,,,,,,,,,,,,,,,,,,,,,,,,,,51.84222292,45.82109919,53.91985394,46.24466155,56.7857088,65.3978588,66.9419483,69.12571155,72.52936462,75.79027822,78.9222817,82.76633068,83.05005306,86.65073211,91.65590881,99.66059516,103.8783702,100,101.4543981,100.0178099,100.8897697,100.1750029,97.07936333,97.29726321,98.55091159,101.8509601,102.3782067,105.3416068,106.7485598,112.0162372,117.9358722
Bahrain,BHR,Real effective exchange rate index (2010 = 100),PX.REX.REER,,,,,,,,,,,,,,,,,,,,,174.7178228,193.4521394,216.6973211,224.677056,229.8520361,223.3956541,182.0073723,157.3442856,145.8141358,148.0322591,135.9583439,131.075898,124.3448104,130.492147,125.9776275,120.1356484,119.4532113,127.3242732,130.2186087,126.3776652,129.2227473,133.1437187,136.2377852,125.6790917,114.9283007,109.1201815,111.9878949,105.0877678,97.84040041,102.437112,100,93.13210023,95.70247719,97.61529082,98.91680514,105.7483408,108.9690192,109.4220075,108.3759089,110.7835813,107.2210349,102.2991447,106.5998828,104.4268105
"Bahamas, The",BHS,Real effective exchange rate index (2010 = 100),PX.REX.REER,,,,,,,,,,,,,,,,,,,,,101.1186361,106.2611908,109.1686485,112.4335274,115.6578046,118.1222598,114.2823226,111.9065335,110.6912598,112.7965362,109.3811068,112.7677205,115.6384384,118.1618959,113.5433202,106.8982754,107.227121,111.7165515,118.057342,115.2102041,117.1053126,120.4938476,119.0912778,113.0385047,105.9762603,102.0529113,101.0696997,99.41752637,98.40564768,101.0854534,100,99.33985258,99.2657965,98.70423484,99.02991742,102.259579,101.2822598,100.862135,100.4780255,102.0968631,101.4654837,99.77812993,99.10201999,98.6391767
Bosnia and Herzegovina,BIH,Real effective exchange rate index (2010 = 100),PX.REX.REER,,,,,,,,,,,,,,,,,,,,,,,,,,,,,,,,,,,,,,,,,,,,,,,,,,,,,,,,,,,,,,,,
Belarus,BLR,Real effective exchange rate index (2010 = 100),PX.REX.REER,,,,,,,,,,,,,,,,,,,,,,,,,,,,,,,,,,,,,,,,,,,,,,,,,,,,,,,,,,,,,,,,
Belize,BLZ,Real effective exchange rate index (2010 = 100),PX.REX.REER,,,,,,,,,,,,,,,,,,,,,110.85153,118.5701872,121.5693285,125.7004944,130.818456,141.2464728,126.8923073,117.8577844,115.3276305,115.8877976,109.9320761,106.5010297,103.2275042,105.0135755,104.6515014,102.6347345,106.8078186,108.3307618,111.7447055,112.4691081,114.1952914,115.2469662,114.6900478,111.8983866,108.4106513,105.9266903,106.4453572,101.2500721,99.83990531,102.6008353,100,95.36932218,96.98073082,95.4869165,96.44208703,102.855003,105.0073787,104.8433537,103.5555346,103.984286,104.3984151,101.9507178,104.8513312,105.0571443
Bermuda,BMU,Real effective exchange rate index (2010 = 100),PX.REX.REER,,,,,,,,,,,,,,,,,,,,,,,,,,,,,,,,,,,,,,,,,,,,,,,,,,,,,,,,,,,,,,,,
Bolivia,BOL,Real effective exchange rate index (2010 = 100),PX.REX.REER,,,,,,,,,,,,,,,,,,,,,174.0869967,221.286158,239.4078001,223.5641414,295.46505,503.0070889,147.5608887,139.8560983,133.6189872,128.8197645,106.3358442,110.5328154,108.6859836,107.5767868,102.6167514,99.85528247,104.4528996,106.7463568,111.6263585,114.9449063,113.0953975,111.128288,109.5137147,98.57640218,92.14165575,87.06805187,85.4978287,86.66784823,97.22884073,105.9530924,100,102.284843,106.6562421,112.2699693,120.1285689,137.6285187,143.455809,140.7576505,144.1285974,150.7762948,158.994052,152.4468903,151.1330771,148.81103
Brazil,BRA,Real effective exchange rate index (2010 = 100),PX.REX.REER,,,,,,,,,,,,,,,,,,,,,84.30841832,98.02204395,106.3273499,81.54356688,72.8332836,70.39302672,67.3766398,69.88419255,69.71698971,93.73783577,114.6114022,96.26576325,84.45436282,88.8050003,92.74191016,101.504519,107.0694103,109.841202,106.7618642,70.97308855,76.52810308,63.90774216,60.90349068,57.57679299,60.44654032,73.46359635,81.71698295,87.42965896,90.35584537,89.17476177,100,103.1661672,91.98717623,86.41072639,84.59199327,69.61118571,73.23783853,79.73183297,71.41901589,70.00810494,55.58592689,53.79172365,60.36162951,63.33384736
Barbados,BRB,Real effective exchange rate index (2010 = 100),PX.REX.REER,,,,,,,,,,,,,,,,,,,,,,,,,,,,,,,,,,,,,,,,,,,,,,,,,,,,,,,,,,,,,,,,
Brunei Darussalam,BRN,Real effective exchange rate index (2010 = 100),PX.REX.REER,,,,,,,,,,,,,,,,,,,,,,,,,,,,,,,,,,,,,,,,,,,,,,,,,,,,,,,,,,,,,,,,
Bhutan,BTN,Real effective exchange rate index (2010 = 100),PX.REX.REER,,,,,,,,,,,,,,,,,,,,,,,,,,,,,,,,,,,,,,,,,,,,,,,,,,,,,,,,,,,,,,,,
Botswana,BWA,Real effective exchange rate index (2010 = 100),PX.REX.REER,,,,,,,,,,,,,,,,,,,,,,,,,,,,,,,,,,,,,,,,,,,,,,,,,,,,,,,,,,,,,,,,
Central African Republic,CAF,Real effective exchange rate index (2010 = 100),PX.REX.REER,,,,,,,,,,,,,,,,,,,,,203.0955447,177.4442946,174.5437222,179.0609533,168.7562658,179.916732,188.7898034,174.3771699,160.94861,154.0590481,155.7859598,144.3014801,141.4873457,132.8041898,83.17921189,98.29162173,100.0528614,96.51118713,94.25695079,90.17147209,87.31764061,89.19988439,91.15357939,97.18704789,94.21830245,93.36867284,96.73780277,97.72107223,104.3859141,106.6291162,100,98.41061368,97.44716825,105.1908986,119.8690464,112.6436751,118.7590087,122.6401116,126.0087009,125.2480921,127.914104,130.7023142,125.7908634,128.5506165
Canada,CAN,Real effective exchange rate index (2010 = 100),PX.REX.REER,,,,,,,,,,,,,,,,,,,,93.97677636,92.33602886,96.95532419,103.4844642,108.0889925,106.0543246,102.2979683,92.5729125,92.71433354,97.96916579,104.9622338,103.7451492,106.6841302,97.83751008,91.46437401,83.55654337,80.83121441,81.6733547,80.88929821,76.18752465,75.26107812,75.62984664,73.40812317,72.76703847,80.95557635,85.44272136,90.5387125,95.53468983,98.59470353,95.98591317,91.57477557,100,101.5629726,101.0739042,97.49941011,91.51772936,83.26626248,81.70902431,82.92687776,82.42555995,81.71486941,80.8428807,84.76084003,84.18458,81.25310007
Central Europe and the Baltics,CEB,Real effective exchange rate index (2010 = 100),PX.REX.REER,,,,,,,,,,,,,,,,,,,,,,,,,,,,,,,,,,,,,,,,,,,,,,,,,,,,,,,,,,,,,,,,
Switzerland,CHE,Real effective exchange rate index (2010 = 100),PX.REX.REER,,,,,,,,,,,,,,,,,,,,93.08437685,85.70504625,84.9977009,89.96425991,91.43132632,88.55001821,86.88358924,92.69949542,96.24182493,95.04636018,89.70176544,96.04649873,95.38000175,93.63110658,95.67568005,100.1406493,106.7168905,103.5459282,95.35738648,96.58150831,94.74868359,92.30848485,94.69854093,98.09619874,98.38161393,97.36109926,95.48033495,92.89881474,89.04307784,92.52529053,96.08738273,100,109.4715748,105.3407737,103.6185451,104.2562641,110.4779963,108.1574821,106.0987919,103.2270033,104.1877969,108.1840473,105.5189456,105.8298497,109.3089491
Channel Islands,CHI,Real effective exchange rate index (2010 = 100),PX.REX.REER,,,,,,,,,,,,,,,,,,,,,,,,,,,,,,,,,,,,,,,,,,,,,,,,,,,,,,,,,,,,,,,,
Chile,CHL,Real effective exchange rate index (2010 = 100),PX.REX.REER,,,,,,,,,,,,,,,,,,,,,163.9481665,194.373102,175.309862,143.5657943,142.3640711,120.4587637,101.4137216,93.14939981,87.49661662,89.87878698,86.20328369,88.26571453,93.27669576,95.10622163,98.43500115,104.3821266,106.9282938,114.7581452,112.7163518,107.3531493,106.4922844,95.93079312,91.66225187,86.21577604,91.04054922,96.32597386,100.1429709,97.51784995,98.26347671,95.13400811,100,100.7090612,102.901314,101.3641117,91.88076144,90.9875245,92.63847118,95.81796967,97.03681957,92.1456111,84.61290142,87.50244333,84.46853746,91.95063746
China,CHN,Real effective exchange rate index (2010 = 100),PX.REX.REER,,,,,,,,,,,,,,,,,,,,,269.9044662,242.2185283,231.077956,227.1313751,202.4460096,171.8438767,124.1366548,107.2287053,117.2009968,136.3653141,100.5807288,88.34400607,84.58259544,90.00138534,70.55569631,78.63891691,86.36269689,93.0064153,98.01445265,92.68489485,92.75977559,96.76857828,94.56224115,88.38464981,85.85129338,84.92059733,86.25984316,89.32859,97.00843945,101.1068686,100,102.693887,108.6697745,114.65374,118.3584515,130.0438073,123.8909614,120.2553914,121.7989534,121.1788215,123.6447725,127.328418,125.966431,116.0394435
Cote d'Ivoire,CIV,Real effective exchange rate index (2010 = 100),PX.REX.REER,,,,,,,,,,,,,,,,,,,,,132.2103188,113.6353896,103.4674422,96.70995893,96.08089666,96.3628428,115.4210789,128.359591,131.3456633,124.1800981,126.2160574,121.4143409,126.4911478,124.2108353,76.9613743,88.51032571,88.56989705,86.64773198,92.52057411,91.54509393,86.57395444,89.6489657,93.21388403,99.68051658,100.923495,101.1262899,100.8942821,102.5876666,107.0555906,107.356929,100,102.2003896,97.30898586,100.4617714,100.6939498,93.75935061,94.8265692,95.12751901,96.20536148,92.28204943,95.71895902,97.59266708,92.83308416,96.95791424
Cameroon,CMR,Real effective exchange rate index (2010 = 100),PX.REX.REER,,,,,,,,,,,,,,,,,,,,,137.4323568,126.3095233,123.4979842,128.4093973,130.6799673,136.5801648,151.2066533,169.1564915,164.4498629,151.7457097,156.2864701,149.1026199,150.0018877,139.5191457,90.25845202,96.98574075,98.01618444,97.02167327,100.4222579,99.36615389,93.67372211,96.83261115,100.3196504,103.5456567,102.8954214,99.82876393,101.4704253,102.1028784,105.006232,106.4696702,100,100.2187717,96.43044758,98.94613622,99.7523549,93.53986044,95.51087093,96.33330427,97.76271387,96.75547537,99.70963625,99.84806864,96.80479805,104.9233231
"Congo, Dem. Rep.",COD,Real effective exchange rate index (2010 = 100),PX.REX.REER,,,,,,,,,,,,,,,,,,,,,,,,,,,,,,,,,251.1410682,339.2713083,305.0609492,236.9824606,234.2050476,223.3858094,238.799752,368.3338471,511.0519303,246.0076633,110.402277,91.06935658,87.00094336,85.23430528,93.91874163,91.38172587,92.5932804,96.26170268,100,105.4814152,107.2057801,108.0549776,109.458545,121.6126595,118.3089275,104.1019431,118.0785922,124.7908891,126.2649417,118.3189905,128.5759316,126.9674127
"Congo, Rep.",COG,Real effective exchange rate index (2010 = 100),PX.REX.REER,,,,,,,,,,,,,,,,,,,,,,,,,,,,,,,,,,,,,,,,,,,,,,,,,,,,,,,,,,,,,,,,
Colombia,COL,Real effective exchange rate index (2010 = 100),PX.REX.REER,,,,,,,,,,,,,,,,,,,,,136.6403517,147.5625632,157.2202542,156.1293131,145.5625549,127.2615567,94.35768968,84.1971924,81.66393297,78.52650231,69.14929579,69.45560443,77.16346142,81.77889222,92.08342094,93.69577661,99.29216644,105.5530407,99.07883926,89.89776656,81.43620104,78.87831808,78.67432523,68.96456245,75.21810823,84.79068698,83.09241912,92.33012806,95.4405042,90.44510509,100,100.1545302,105.2947336,101.3365122,95.88218774,77.58139407,74.18487736,77.42173582,78.27494348,73.656514,67.99663509,65.81517202,62.74119942,66.68001157
Comoros,COM,Real effective exchange rate index (2010 = 100),PX.REX.REER,,,,,,,,,,,,,,,,,,,,,,,,,,,,,,,,,,,,,,,,,,,,,,,,,,,,,,,,,,,,,,,,
Cabo Verde,CPV,Real effective exchange rate index (2010 = 100),PX.REX.REER,,,,,,,,,,,,,,,,,,,,,,,,,,,,,,,,,,,,,,,,,,,,,,,,,,,,,,,,,,,,,,,,
Costa Rica,CRI,Real effective exchange rate index (2010 = 100),PX.REX.REER,,,,,,,,,,,,,,,,,,,,,141.1149588,76.90676106,78.84491343,95.48545036,98.22150694,100.9274091,93.28461946,89.42166125,84.33754657,88.79933862,87.63594968,81.05580527,85.74253692,88.40448334,87.67539562,89.39603029,89.54717007,90.67282709,92.57789475,90.25303642,92.13709922,95.84545761,93.61351761,87.56160541,84.81323775,84.70388336,85.29568043,86.52032081,89.12329013,90.27624533,100,101.8159639,106.1897507,110.5664875,106.4226919,114.7534153,113.9678762,108.5368152,106.1203519,106.7463408,107.8641489,97.99300654,99.78691288,114.9661455
Caribbean small states,CSS,Real effective exchange rate index (2010 = 100),PX.REX.REER,,,,,,,,,,,,,,,,,,,,,,,,,,,,,,,,,,,,,,,,,,,,,,,,,,,,,,,,,,,,,,,,
Cuba,CUB,Real effective exchange rate index (2010 = 100),PX.REX.REER,,,,,,,,,,,,,,,,,,,,,,,,,,,,,,,,,,,,,,,,,,,,,,,,,,,,,,,,,,,,,,,,
Curacao,CUW,Real effective exchange rate index (2010 = 100),PX.REX.REER,,,,,,,,,,,,,,,,,,,,,,,,,,,,,,,,,,,,,,,,,,,,,,,,,,,,,,,,,,,,,,,,
Cayman Islands,CYM,Real effective exchange rate index (2010 = 100),PX.REX.REER,,,,,,,,,,,,,,,,,,,,,,,,,,,,,,,,,,,,,,,,,,,,,,,,,,,,,,,,,,,,,,,,
Cyprus,CYP,Real effective exchange rate index (2010 = 100),PX.REX.REER,,,,,,,,,,,,,,,,,,,,,111.61645,107.8515047,105.3325648,103.0987037,102.1425086,102.3042859,98.20430012,93.28136943,92.4313869,90.67953707,89.12035989,88.6924249,91.55096779,91.29882765,93.59703698,94.71666535,93.78877168,92.22089099,95.66540937,93.76839097,91.14667808,92.10771071,94.89974274,101.5189754,103.0198235,102.3778279,101.7324542,100.9417971,103.7607077,104.6767363,100,100.0575201,97.37321047,97.38304905,96.59370446,88.18687353,87.45066524,87.53067834,89.20251478,87.47805298,87.63011133,87.72162194,86.59539974,88.21607351
Czechia,CZE,Real effective exchange rate index (2010 = 100),PX.REX.REER,,,,,,,,,,,,,,,,,,,,,,,,,,,,,,,47.04968627,43.11096554,45.08979108,52.21521391,55.22102963,57.00299973,60.65623585,61.58352954,67.17072879,66.00024437,67.04732855,71.23461053,79.43243544,78.0353095,78.79469702,83.16685917,87.61820509,90.03552177,103.5032302,99.33464749,100,101.8684838,98.41193697,96.43928289,90.85518349,88.60855613,90.96166641,94.8676118,99.24573813,99.58918309,100.2437293,104.880684,115.26341,125.8857221
Germany,DEU,Real effective exchange rate index (2010 = 100),PX.REX.REER,,,,,,,,,,,,,,,,,,,,121.2385213,114.6382388,104.8305749,106.7435232,107.4107998,102.6735162,99.92462218,105.8047993,109.2721273,107.0498648,104.6692821,107.8126135,105.941875,110.9109215,115.2439729,116.0232127,121.2488896,116.8435481,110.2152454,110.3921568,106.915686,99.70316777,99.72791143,100.7858059,106.1541842,107.6527649,105.2217095,104.2584777,105.7694811,105.8819443,106.4632247,100,98.8974582,95.23716112,97.60586688,98.26736332,92.49973013,94.08301482,94.90055989,97.04939487,95.47088572,96.35404794,97.13995968,93.7213134,97.1443097
Djibouti,DJI,Real effective exchange rate index (2010 = 100),PX.REX.REER,,,,,,,,,,,,,,,,,,,,,,,,,,,,,,,,,,,,,,,,,,,,,,,,,,,,,,,,,,,,,,,,
Dominica,DMA,Real effective exchange rate index (2010 = 100),PX.REX.REER,,,,,,,,,,,,,,,,,,,,109.6276868,112.0341398,121.07754,125.1246761,133.1341858,144.0622204,148.074524,137.3608997,130.2994305,125.4452081,130.8378131,125.6547983,127.5332506,128.6150119,131.6440456,127.3550222,120.0383077,119.1739315,119.7330889,120.3410929,119.6284758,120.3106171,121.932589,120.186404,117.5423807,112.811519,107.8615371,106.1171292,102.682947,100.0387389,101.2502206,100,95.19719868,95.53987849,94.4246792,94.08257381,97.32172842,97.91513279,96.06717246,94.13345145,96.09556868,95.14493026,92.95357932,97.12952749,95.95228468
Denmark,DNK,Real effective exchange rate index (2010 = 100),PX.REX.REER,,,,,,,,,,,,,,,,,,,,98.52687977,91.89469589,87.57290742,85.89221648,86.63494825,85.10795319,86.2072188,91.70936524,95.89618913,95.92637173,94.33425352,98.5176723,94.66411464,95.57991309,95.63335446,95.56093038,99.66634831,98.68915953,95.52918998,97.15118639,96.74818155,92.76595395,93.73061771,95.57939892,100.5134047,101.4024096,100.1405455,99.73351725,100.4028872,101.743527,104.4620623,100,99.23236599,96.67280288,97.70304585,98.45176653,94.42611549,95.82495982,96.32290053,97.34163044,95.55124669,96.68349527,95.96724357,94.27981028,95.01709586
Dominican Republic,DOM,Real effective exchange rate index (2010 = 100),PX.REX.REER,,,,,,,,,,,,,,,,,,,,,143.7058862,146.0969417,147.9032742,141.276852,98.50797835,113.5504064,104.0250596,85.0491579,71.24162216,85.89466986,84.61110002,85.35857915,86.02906596,89.76988341,94.05622228,98.90376947,102.6040011,102.4985596,102.6390644,98.99167639,103.4837431,108.2457201,105.6483412,79.91924968,79.96419359,106.8585748,100.5193766,100.6758437,99.7645039,99.57852142,100,96.42274216,96.33191831,93.5820847,91.69282049,94.25842189,93.69181088,90.79390364,87.79475852,87.01093277,82.09053298,83.34133499,91.28570548,90.34615235
Algeria,DZA,Real effective exchange rate index (2010 = 100),PX.REX.REER,,,,,,,,,,,,,,,,,,,,,314.4804159,349.352222,365.4426894,383.2792261,417.5425477,449.8225605,415.3396759,367.4298827,304.0271879,260.7899328,220.9608511,131.7875246,135.1520021,162.1205774,139.9842871,117.3480385,119.5736582,129.0833752,135.4559971,125.2273465,119.3296287,123.2791879,114.3008992,103.0120648,103.4458216,101.6687663,101.242535,99.86713452,102.2307257,100.2617727,100,99.12325559,103.9100202,101.7984821,102.9247458,96.57367517,95.58605423,97.80486484,93.51716634,95.44920595,91.2215043,86.79992584,92.3296144,102.3304808
East Asia & Pacific (excluding high income),EAP,Real effective exchange rate index (2010 = 100),PX.REX.REER,,,,,,,,,,,,,,,,,,,,,,,,,,,,,,,,,,,,,,,,,,,,,,,,,,,,,,,,,,,,,,,,
Early-demographic dividend,EAR,Real effective exchange rate index (2010 = 100),PX.REX.REER,,,,,,,,,,,,,,,,,,,,,,,,,,,,,,,,,,,,,,,,,,,,,,,,,,,,,,,,,,,,,,,,
East Asia & Pacific,EAS,Real effective exchange rate index (2010 = 100),PX.REX.REER,,,,,,,,,,,,,,,,,,,,,,,,,,,,,,,,,,,,,,,,,,,,,,,,,,,,,,,,,,,,,,,,
Europe & Central Asia (excluding high income),ECA,Real effective exchange rate index (2010 = 100),PX.REX.REER,,,,,,,,,,,,,,,,,,,,,,,,,,,,,,,,,,,,,,,,,,,,,,,,,,,,,,,,,,,,,,,,
Europe & Central Asia,ECS,Real effective exchange rate index (2010 = 100),PX.REX.REER,,,,,,,,,,,,,,,,,,,,,,,,,,,,,,,,,,,,,,,,,,,,,,,,,,,,,,,,,,,,,,,,
Ecuador,ECU,Real effective exchange rate index (2010 = 100),PX.REX.REER,,,,,,,,,,,,,,,,,,,,,,,,,,,,,,,,,,,,,,,,,,,,,,,,,,,,,,,,,,,,,,,,
"Egypt, Arab Rep.",EGY,Real effective exchange rate index (2010 = 100),PX.REX.REER,,,,,,,,,,,,,,,,,,,,,,,,,,,,,,,,,,,,,,,,,,,,,,,,,,,,,,,,,,,,,,,,
Euro area,EMU,Real effective exchange rate index (2010 = 100),PX.REX.REER,,,,,,,,,,,,,,,,,,,,,,,,,,,,,,,,,,,,,,,,,,,,,,,,,,,,,,,,,,,,,,,,
Eritrea,ERI,Real effective exchange rate index (2010 = 100),PX.REX.REER,,,,,,,,,,,,,,,,,,,,,,,,,,,,,,,,,,,,,,,,,,,,,,,,,,,,,,,,,,,,,,,,
Spain,ESP,Real effective exchange rate index (2010 = 100),PX.REX.REER,,,,,,,,,,,,,,,,,,,,,94.03155199,88.71337289,88.53907277,77.66885596,80.00061096,81.50699481,86.71708002,90.25028679,94.51484495,100.2676809,107.2913096,107.8969969,107.3375381,95.54045748,91.12933606,92.77079412,94.66390757,90.492983,90.98343319,90.38137735,88.45881129,90.11047008,92.18312036,96.76584595,98.69838361,99.13097952,100.4639865,102.020333,103.9155059,103.7837035,100,100.3983798,97.97119848,99.75637384,99.24998004,93.87035398,94.66628479,95.9641669,97.85488948,95.93779333,96.35981935,97.27501144,96.23044103,96.65843883
Estonia,EST,Real effective exchange rate index (2010 = 100),PX.REX.REER,,,,,,,,,,,,,,,,,,,,,,,,,,,,,,,,,,,,,,,,,,,,,,,,,,,,,,,,,,,,,,,,
Ethiopia,ETH,Real effective exchange rate index (2010 = 100),PX.REX.REER,,,,,,,,,,,,,,,,,,,,,,,,,,,,,,,,,,,,,,,,,,,,,,,,,,,,,,,,,,,,,,,,
European Union,EUU,Real effective exchange rate index (2010 = 100),PX.REX.REER,,,,,,,,,,,,,,,,,,,,,,,,,,,,,,,,,,,,,,,,,,,,,,,,,,,,,,,,,,,,,,,,
Fragile and conflict affected situations,FCS,Real effective exchange rate index (2010 = 100),PX.REX.REER,,,,,,,,,,,,,,,,,,,,,,,,,,,,,,,,,,,,,,,,,,,,,,,,,,,,,,,,,,,,,,,,
Finland,FIN,Real effective exchange rate index (2010 = 100),PX.REX.REER,,,,,,,,,,,,,,,,,,,,112.739374,116.7544368,119.9944333,123.455066,119.7909502,123.7838601,124.6919586,123.8852039,126.9925396,131.4249731,138.5496834,142.3461192,135.4700246,117.5397161,100.0040112,106.4921346,115.9750728,110.676619,105.7642281,106.339626,105.3903016,100.0050215,100.6514608,102.1014478,107.08266,107.0177258,103.8378856,102.4798307,103.9491063,105.6818099,106.7008212,100,99.81006173,96.9945931,99.02368183,100.5563246,96.10350567,97.37931386,96.77696272,98.625603,96.98686516,98.25099529,97.81273369,94.53392705,99.11466727
Fiji,FJI,Real effective exchange rate index (2010 = 100),PX.REX.REER,,,,,,,,,,,,,,,,,,,,,169.8136364,174.625724,175.3241484,174.4743985,176.8945605,179.3598542,161.3114909,137.0708344,116.967151,117.1158575,118.2740892,121.6360138,121.8940955,126.1489475,126.4830613,124.1543583,124.5716119,128.4618657,109.383118,109.5210336,106.1184737,107.4800987,107.7094688,115.1775732,117.4091273,116.8806931,114.7057412,117.0488335,119.6927254,104.8816632,100,103.8088163,105.8603158,105.6640055,103.8705995,105.6261447,110.1560609,112.2504323,113.3469947,114.0687979,110.3917623,108.3799871,108.2241133,106.3909931
France,FRA,Real effective exchange rate index (2010 = 100),PX.REX.REER,,,,,,,,,,,,,,,,,,,,,118.8905875,113.6006603,108.4575465,104.4403964,102.7238602,105.2962993,109.0686491,110.3616328,108.3933024,106.2384474,109.9589565,105.8389855,107.3265757,108.4113586,108.1694024,111.1382486,110.6199195,105.2406905,105.6131807,102.5288343,97.0908206,96.78024153,98.38526694,103.7690542,105.5426369,104.0302922,103.3577741,103.8758905,104.4908079,104.5374739,100,99.21326349,96.01440112,97.33299963,97.3452874,92.04507346,93.01641498,93.49737788,95.57115562,93.89709609,94.94388753,94.42304789,90.10371291,92.0167762
Faroe Islands,FRO,Real effective exchange rate index (2010 = 100),PX.REX.REER,,,,,,,,,,,,,,,,,,,,,,,,,,,,,,,,,,,,,,,,,,,,,,,,,,,,,,,,,,,,,,,,
"Micronesia, Fed. Sts.",FSM,Real effective exchange rate index (2010 = 100),PX.REX.REER,,,,,,,,,,,,,,,,,,,,,,,,,,,,,,,,,,,,,,,,,,,,,,,,,,,,,,,,,,,,,,,,
Gabon,GAB,Real effective exchange rate index (2010 = 100),PX.REX.REER,,,,,,,,,,,,,,,,,,,,,223.1883264,198.7763283,200.5692803,197.4000047,189.4509867,195.395895,212.7702566,208.9836497,180.8452323,213.6904233,215.154052,167.5608771,151.2488766,146.6276592,98.96928664,109.4032987,108.0623258,106.2499929,107.0419814,102.0448393,96.22286615,96.34696883,96.25298524,100.922376,100.8971437,101.7610064,97.90782114,102.3173996,105.7618324,106.5495268,100,98.16118533,94.77816341,95.81508357,99.27967542,92.67936119,93.73497685,95.82675739,101.1551572,100.583198,103.2303997,102.1304586,97.30201686,100.9311286
United Kingdom,GBR,Real effective exchange rate index (2010 = 100),PX.REX.REER,,,,,,,,,,,,,,,,,,,,119.2560779,139.4350627,143.8321098,138.6971832,127.3815754,121.8178194,124.1268151,115.5593425,115.393984,118.9036903,117.1448482,119.5786577,123.673405,120.2178463,108.6186913,108.7050039,104.0737087,106.4648159,123.3379914,129.2694776,129.1255081,130.4381008,127.2831287,128.1829847,122.9534433,127.7723354,125.4337153,126.1822106,128.2721888,111.7689978,100.3078942,100,99.82954769,103.3988279,102.0769487,108.7331057,113.7639188,102.5113609,97.30270846,99.03760765,98.59795209,98.79935305,102.6179218,101.2014738,103.9188974
Georgia,GEO,Real effective exchange rate index (2010 = 100),PX.REX.REER,,,,,,,,,,,,,,,,,,,,,,,,,,,,,,,,,,,33.01151615,71.44856571,89.91725987,94.02553274,91.70427627,78.48321249,85.26070504,85.56498902,82.95983213,78.04626897,83.36612826,88.83322317,93.95715294,97.26505455,107.6914214,104.5820969,100,108.4357744,110.3404426,107.1508913,106.3373246,98.32117254,99.16536538,96.9049224,97.14413555,92.56691315,89.454599,91.10280738,109.5574783,119.5436545
Ghana,GHA,Real effective exchange rate index (2010 = 100),PX.REX.REER,,,,,,,,,,,,,,,,,,,,,664.7817651,1482.216917,1851.120977,3053.621193,483.5997948,351.5745805,222.8086484,165.2744817,151.8222528,142.0298109,141.7470768,144.082698,127.0466486,110.8414353,89.74076831,103.9796935,112.668174,120.2537811,128.4455867,117.857777,86.02605883,93.35553132,88.56981914,91.03901753,94.17551158,103.5719218,110.0514532,109.4106946,104.3454648,94.75508876,100,94.61931387,88.2298361,88.49258878,69.47158241,68.19334521,78.25829211,77.70516069,76.64834253,73.50115359,74.645874,74.30369855,71.28823471,71.3063405
Gibraltar,GIB,Real effective exchange rate index (2010 = 100),PX.REX.REER,,,,,,,,,,,,,,,,,,,,,,,,,,,,,,,,,,,,,,,,,,,,,,,,,,,,,,,,,,,,,,,,
Guinea,GIN,Real effective exchange rate index (2010 = 100),PX.REX.REER,,,,,,,,,,,,,,,,,,,,,,,,,,,,,,,,,,,,,,,,,,,,,,,,,,,,,,,,,,,,,,,,
"Gambia, The",GMB,Real effective exchange rate index (2010 = 100),PX.REX.REER,,,,,,,,,,,,,,,,,,,,,269.9775166,258.6331276,259.8744644,261.9077692,248.8772059,266.9328304,191.8428954,202.2472028,222.326498,214.9355117,205.3198676,197.2427729,198.9276581,212.5337733,201.2775495,195.2019701,191.6383786,197.6947986,196.6199703,192.0606854,183.5932658,158.5479433,131.5993494,95.25943807,93.8173633,99.67349968,99.20937839,107.5563626,113.743012,102.7993977,100,92.48342214,88.98745503,81.46142854,73.59863641,72.73745923,88.1413793,89.63970586,88.87872649,93.43043878,95.50459698,96.9155664,102.8634145,105.0573753
Guinea-Bissau,GNB,Real effective exchange rate index (2010 = 100),PX.REX.REER,,,,,,,,,,,,,,,,,,,,,,,,,,,,,,,,,,,,,,,,,,,,,,,,,,,,,,,,,,,,,,,,
Equatorial Guinea,GNQ,Real effective exchange rate index (2010 = 100),PX.REX.REER,,,,,,,,,,,,,,,,,,,,,,,,,,125.3572477,105.5142515,91.26868576,87.43345906,85.62368892,85.82139335,78.96067569,75.60758738,79.46146309,57.10853067,68.04298958,68.0015807,62.82711565,66.8413449,63.81137857,61.20733435,64.32040696,70.35451667,82.35739417,87.9375313,89.64485325,91.08095366,94.25631116,96.88451118,100.530909,100,102.2957767,99.38945314,102.6536198,106.7379717,99.88310553,101.6810256,101.9356644,104.3402265,102.0532759,108.2254585,105.8536638,98.99229593,100.8954688
Greece,GRC,Real effective exchange rate index (2010 = 100),PX.REX.REER,,,,,,,,,,,,,,,,,,,,,83.97141197,87.15987428,90.44068454,83.60852166,81.06157298,78.42828721,73.48335637,75.1892735,77.33310749,78.23961407,82.66287929,83.55349271,85.98531745,86.54327551,87.61393097,90.46114469,94.42136113,94.1161967,91.44983882,91.42677552,85.15823121,86.21659866,88.85936257,94.70819046,96.29594748,96.09241117,96.64700069,97.89316914,99.4641969,100.7726122,100,100.7259137,97.49188654,96.49781635,94.85121495,89.30957949,89.51891099,89.93488275,90.48939705,88.70250794,88.31584011,87.66796929,87.57673121,87.47873752
Grenada,GRD,Real effective exchange rate index (2010 = 100),PX.REX.REER,,,,,,,,,,,,,,,,,,,,92.48533138,96.21133769,111.2541384,118.0931545,124.4878382,132.7921731,132.9209081,123.7900329,111.3060774,109.4966544,115.0210248,106.682885,105.4544172,104.4378962,110.0626207,110.0594645,106.4399101,106.8076788,107.8404623,108.4960173,109.3111468,111.860997,112.471747,110.5794014,106.1270264,102.2752598,101.1556676,101.3940319,98.69923658,98.97652913,100.6345692,100,97.06013594,97.71063007,96.48636006,93.61201794,96.41148223,98.67046156,97.78757575,95.60247419,96.4911524,95.95063846,93.14202287,92.02273055,90.28439815
Greenland,GRL,Real effective exchange rate index (2010 = 100),PX.REX.REER,,,,,,,,,,,,,,,,,,,,,,,,,,,,,,,,,,,,,,,,,,,,,,,,,,,,,,,,,,,,,,,,
Guatemala,GTM,Real effective exchange rate index (2010 = 100),PX.REX.REER,,,,,,,,,,,,,,,,,,,,,,,,,,,,,,,,,,,,,,,,,,,,,,,,,,,,,,,,,,,,,,,,
Guam,GUM,Real effective exchange rate index (2010 = 100),PX.REX.REER,,,,,,,,,,,,,,,,,,,,,,,,,,,,,,,,,,,,,,,,,,,,,,,,,,,,,,,,,,,,,,,,
Guyana,GUY,Real effective exchange rate index (2010 = 100),PX.REX.REER,,,,,,,,,,,,,,,,,,,,,826.8347975,896.611135,1014.618573,1186.053665,1221.041641,1258.067021,1190.476069,614.6877633,270.940777,218.2756167,154.2228142,130.7184456,143.3460077,155.852128,88.12575756,89.75003029,96.20452894,98.77180016,99.87230538,89.9212614,94.22311778,94.46862996,95.50278298,92.28645255,88.14784764,89.94989298,92.31069771,94.87295475,94.43384267,100.1146069,100,97.75598807,99.26621609,99.18875594,98.48870946,103.705129,106.2981193,106.7411942,104.9585929,106.8717162,107.3589749,108.3990987,112.9414716,112.623333
High income,HIC,Real effective exchange rate index (2010 = 100),PX.REX.REER,,,,,,,,,,,,,,,,,,,,,,,,,,,,,,,,,,,,,,,,,,,,,,,,,,,,,,,,,,,,,,,,
"Hong Kong SAR, China",HKG,Real effective exchange rate index (2010 = 100),PX.REX.REER,,,,,,,,,,,,,,,,,,,,,,,,,,,,,,,90.92662832,93.38708778,91.7774834,100.8345735,106.052569,108.6922327,121.3002505,135.6547821,153.3987541,147.962788,146.6891189,151.8981175,145.6446651,129.1495487,116.1026989,112.0293632,109.6218631,106.1257471,101.5689502,102.230376,100,97.9650511,104.3680029,109.4452524,112.4390483,121.1373027,122.3608026,122.9294853,121.4389496,127.2642571,132.6341824,125.8787808,,
Honduras,HND,Real effective exchange rate index (2010 = 100),PX.REX.REER,,,,,,,,,,,,,,,,,,,,,,,,,,,,,,,,,,,,,,,,,,,,,,,,,,,,,,,,,,,,,,,,
Heavily indebted poor countries (HIPC),HPC,Real effective exchange rate index (2010 = 100),PX.REX.REER,,,,,,,,,,,,,,,,,,,,,,,,,,,,,,,,,,,,,,,,,,,,,,,,,,,,,,,,,,,,,,,,
Croatia,HRV,Real effective exchange rate index (2010 = 100),PX.REX.REER,,,,,,,,,,,,,,,,,,,,,,,,,,,,,,,,,,,,,,92.56078346,94.55637026,90.00607012,89.62745112,93.02285106,93.95409669,94.54936081,95.68869055,96.82649961,98.30659969,98.80132501,102.2957138,102.939993,100,97.49372064,95.41137626,96.81361107,95.81621917,92.63422746,92.95246739,93.60208575,95.27474856,94.10344828,93.36543006,93.98689427,94.72655176,97.66164698
Haiti,HTI,Real effective exchange rate index (2010 = 100),PX.REX.REER,,,,,,,,,,,,,,,,,,,,,,,,,,,,,,,,,,,,,,,,,,,,,,,,,,,,,,,,,,,,,,,,
Hungary,HUN,Real effective exchange rate index (2010 = 100),PX.REX.REER,,,,,,,,,,,,,,,,,,,,,,,,,,,,,,,,58.7762356,64.03071705,69.29294978,69.11919956,66.34891601,67.97413084,71.40181784,70.95534366,72.50947135,73.00639969,78.73155903,86.89410649,89.1578224,94.8836171,96.22366524,91.63166994,101.9944516,104.8868913,98.98328196,100,99.75371272,97.0297891,96.00930297,92.12789578,88.3153745,88.98750477,90.76817743,90.2886126,89.08184484,85.67138464,86.0995983,82.22379894,95.15038581
IBRD only,IBD,Real effective exchange rate index (2010 = 100),PX.REX.REER,,,,,,,,,,,,,,,,,,,,,,,,,,,,,,,,,,,,,,,,,,,,,,,,,,,,,,,,,,,,,,,,
IDA & IBRD total,IBT,Real effective exchange rate index (2010 = 100),PX.REX.REER,,,,,,,,,,,,,,,,,,,,,,,,,,,,,,,,,,,,,,,,,,,,,,,,,,,,,,,,,,,,,,,,
IDA total,IDA,Real effective exchange rate index (2010 = 100),PX.REX.REER,,,,,,,,,,,,,,,,,,,,,,,,,,,,,,,,,,,,,,,,,,,,,,,,,,,,,,,,,,,,,,,,
IDA blend,IDB,Real effective exchange rate index (2010 = 100),PX.REX.REER,,,,,,,,,,,,,,,,,,,,,,,,,,,,,,,,,,,,,,,,,,,,,,,,,,,,,,,,,,,,,,,,
Indonesia,IDN,Real effective exchange rate index (2010 = 100),PX.REX.REER,,,,,,,,,,,,,,,,,,,,,,,,,,,,,,,,,,,,,,,,,,,,,,,,,,,,,,,,,,,,,,,,
IDA only,IDX,Real effective exchange rate index (2010 = 100),PX.REX.REER,,,,,,,,,,,,,,,,,,,,,,,,,,,,,,,,,,,,,,,,,,,,,,,,,,,,,,,,,,,,,,,,
Isle of Man,IMN,Real effective exchange rate index (2010 = 100),PX.REX.REER,,,,,,,,,,,,,,,,,,,,,,,,,,,,,,,,,,,,,,,,,,,,,,,,,,,,,,,,,,,,,,,,
India,IND,Real effective exchange rate index (2010 = 100),PX.REX.REER,,,,,,,,,,,,,,,,,,,,,,,,,,,,,,,,,,,,,,,,,,,,,,,,,,,,,,,,,,,,,,,,
Not classified,INX,Real effective exchange rate index (2010 = 100),PX.REX.REER,,,,,,,,,,,,,,,,,,,,,,,,,,,,,,,,,,,,,,,,,,,,,,,,,,,,,,,,,,,,,,,,
Ireland,IRL,Real effective exchange rate index (2010 = 100),PX.REX.REER,,,,,,,,,,,,,,,,,,,,82.65367218,88.01881521,87.41457993,94.33893779,95.67800843,95.73955671,97.11569313,104.6632702,102.900276,101.1483846,99.60061861,104.5617226,100.8221571,103.3187064,96.49546003,95.85618288,96.67992928,99.03893033,91.69020137,88.90622957,85.56708295,82.00194364,84.87055185,89.64965464,99.02299347,101.8511903,101.5340544,103.4604569,109.0468387,113.1608741,107.7332703,100,100.2248674,95.62982675,97.426936,96.54214834,88.36254762,89.4630601,89.84625994,90.68913186,88.03528834,88.07789631,88.22223024,85.21349098,88.85953387
"Iran, Islamic Rep.",IRN,Real effective exchange rate index (2010 = 100),PX.REX.REER,,,,,,,,,,,,,,,,,,,,208.3447825,228.1003708,271.8018497,318.1417373,376.6567685,424.4227347,251.984914,166.7366092,185.1330747,217.5059092,217.8869737,146.8937855,131.6155876,72.40734573,54.60548046,67.35091131,90.63889654,117.350253,146.0772261,180.8480754,219.5248592,260.5949541,296.5475291,112.4550295,70.55012252,70.3022634,72.15653022,73.84452249,77.51138813,87.47512499,99.01074097,100,114.1151545,126.7420957,123.4582868,91.78213517,97.79943734,100.2452361,101.2885841,116.4154209,128.701445,167.3194107,230.0622037,334.6217731,476.8674445
Iraq,IRQ,Real effective exchange rate index (2010 = 100),PX.REX.REER,,,,,,,,,,,,,,,,,,,,,,,,,,,,,,,,,,,,,,,,,,,,,,,,,,,,,,,,,,,,,,,,
Iceland,ISL,Real effective exchange rate index (2010 = 100),PX.REX.REER,,,,,,,,,,,,,,,,,,,,139.5870545,146.7545004,153.0397274,140.3527193,129.8458661,138.4809014,137.2304885,136.8901161,148.0164854,155.712163,142.3829178,141.0439332,144.0106003,144.3732995,133.5226372,125.5174813,125.2135178,125.39945,127.6217907,131.9528338,133.4859739,137.2530755,120.2391161,127.7069379,135.9637016,140.064633,156.9774855,145.7411039,153.6290627,120.2348855,96.67596971,100,100.9196516,99.82547129,104.014958,111.1077982,113.7569309,128.5593363,144.1535161,140.4508284,130.6770656,120.8150075,126.7227653,131.0731961,133.4768071
Israel,ISR,Real effective exchange rate index (2010 = 100),PX.REX.REER,,,,,,,,,,,,,,,,,,,,93.91561833,95.89892849,97.62639731,102.1768487,111.2757551,104.4820612,102.4180037,99.79557155,96.74274297,106.7165543,108.0998354,105.679986,107.3531255,104.6078702,103.2183005,104.2907486,105.0875844,110.2531013,115.349225,112.2457819,106.7982414,112.5511367,111.5086631,100.8597207,95.73024167,89.88284125,87.57870147,87.16624079,88.20189786,98.3449321,95.82764824,100,101.1658458,95.98140567,102.3398478,103.172693,101.8383631,103.5220939,108.4437906,106.2823013,109.1543774,111.4870955,114.3380968,114.7488565,106.0236459
Italy,ITA,Real effective exchange rate index (2010 = 100),PX.REX.REER,,,,,,,,,,,,,,,,,,,,,97.36284743,93.81259026,94.92547207,100.1292677,100.9862132,100.5876589,107.6949271,110.8424754,109.9644355,112.6532691,118.3470671,118.3053687,116.4764961,98.1000147,95.68869364,89.26579618,99.27339231,98.7774875,99.25109402,97.98798592,93.19102672,94.50397452,96.80379616,102.8873375,104.6358267,102.832196,102.4438913,103.0798892,103.9328208,105.0653493,100,99.86654795,97.75452206,99.50593556,99.34344076,93.82661778,94.65088794,95.42665365,96.91484264,94.57448478,95.09267878,94.91793713,93.12122931,96.04814993
Jamaica,JAM,Real effective exchange rate index (2010 = 100),PX.REX.REER,,,,,,,,,,,,,,,,,,,,,,,,,,,,,,,,,,,,,,,,,,,,,,,,,,,,,,,,,,,,,,,,
Jordan,JOR,Real effective exchange rate index (2010 = 100),PX.REX.REER,,,,,,,,,,,,,,,,,,,,,,,,,,,,,,,,,,,,,,,,,,,,,,,,,,,,,,,,,,,,,,,,
Japan,JPN,Real effective exchange rate index (2010 = 100),PX.REX.REER,,,,,,,,,,,,,,,,,,,,,73.84032358,78.92943365,71.5712248,77.50569457,80.90675108,82.92463078,106.3018672,111.9703132,118.7089968,108.8054237,97.36106139,103.9482484,107.0389618,125.2988832,133.2113135,135.3968513,113.7067137,106.9844114,107.012608,118.9032843,125.5160469,111.7740471,104.1497518,105.0461389,106.0767427,99.46255609,90.04843398,82.47717784,88.61876559,99.54213277,100,101.129225,99.88808887,79.64350164,74.5880807,69.42403483,78.92219588,75.1531738,74.48185399,76.62024843,77.30955779,70.69116244,61.01097912,58.11491152
Kazakhstan,KAZ,Real effective exchange rate index (2010 = 100),PX.REX.REER,,,,,,,,,,,,,,,,,,,,,,,,,,,,,,,,,,,,,,,,,,,,,,,,,,,,,,,,,,,,,,,,
Kenya,KEN,Real effective exchange rate index (2010 = 100),PX.REX.REER,,,,,,,,,,,,,,,,,,,,,,,,,,,,,,,,,,,,,,,,,,,,,,,,,,,,,,,,,,,,,,,,
Kyrgyz Republic,KGZ,Real effective exchange rate index (2010 = 100),PX.REX.REER,,,,,,,,,,,,,,,,,,,,,,,,,,,,,,,,,,,,,,,,,,,,,,,,,,,,,,,,,,,,,,,,
Cambodia,KHM,Real effective exchange rate index (2010 = 100),PX.REX.REER,,,,,,,,,,,,,,,,,,,,,,,,,,,,,,,,,,,,,,,,,,,,,,,,,,,,,,,,,,,,,,,,
Kiribati,KIR,Real effective exchange rate index (2010 = 100),PX.REX.REER,,,,,,,,,,,,,,,,,,,,,,,,,,,,,,,,,,,,,,,,,,,,,,,,,,,,,,,,,,,,,,,,
St. Kitts and Nevis,KNA,Real effective exchange rate index (2010 = 100),PX.REX.REER,,,,,,,,,,,,,,,,,,,,102.2457351,101.7727534,105.141346,107.9963069,109.1657453,111.2454451,110.8438407,106.9655572,100.3993531,95.15400323,98.00933559,94.26239105,93.77414532,92.43000069,94.91210014,94.06329969,92.07272986,92.16391593,99.61787823,102.6969141,104.2185942,106.3353707,107.7419615,107.1856674,102.972357,98.65729282,96.00444629,100.0446769,98.68567401,97.47506063,101.7122381,100,100.3835171,101.0440497,100.4101183,99.84209215,103.3776842,103.7003756,102.2306244,98.46218528,98.29327982,97.27278968,94.27188178,92.9413987,92.26678394
"Korea, Rep.",KOR,Real effective exchange rate index (2010 = 100),PX.REX.REER,,,,,,,,,,,,,,,,,,,,,,,,,,,,,,,132.7683799,140.8266733,131.4871401,131.4084103,136.2948104,152.7581032,164.4346759,146.648591,97.8944541,99.28867345,104.7318741,98.46979611,104.4455458,103.1074379,107.2415961,127.0166083,136.1020005,137.1450836,108.1420139,91.61405519,100,97.49130219,105.1269795,119.0269394,134.5238039,142.0538734,139.0554482,143.0766679,152.9929916,147.6229196,136.984098,138.9746417,,
Kuwait,KWT,Real effective exchange rate index (2010 = 100),PX.REX.REER,,,,,,,,,,,,,,,,,,,,,,,,,,,,,,,,,,,,,,,,,,,,,,,,,,,,,,,,,,,,,,,,
Latin America & Caribbean (excluding high income),LAC,Real effective exchange rate index (2010 = 100),PX.REX.REER,,,,,,,,,,,,,,,,,,,,,,,,,,,,,,,,,,,,,,,,,,,,,,,,,,,,,,,,,,,,,,,,
Lao PDR,LAO,Real effective exchange rate index (2010 = 100),PX.REX.REER,,,,,,,,,,,,,,,,,,,,,,,,,,,,,,,,,,,,,,,,,,,,,,,,,,,,,,,,,,,,,,,,
Lebanon,LBN,Real effective exchange rate index (2010 = 100),PX.REX.REER,,,,,,,,,,,,,,,,,,,,,,,,,,,,,,,,,,,,,,,,,,,,,,,,,,,,,,,,,,,,,,,,
Liberia,LBR,Real effective exchange rate index (2010 = 100),PX.REX.REER,,,,,,,,,,,,,,,,,,,,,,,,,,,,,,,,,,,,,,,,,,,,,,,,,,,,,,,,,,,,,,,,
Libya,LBY,Real effective exchange rate index (2010 = 100),PX.REX.REER,,,,,,,,,,,,,,,,,,,,,,,,,,,,,,,,,,,,,,,,,,,,,,,,,,,,,,,,,,,,,,,,
St. Lucia,LCA,Real effective exchange rate index (2010 = 100),PX.REX.REER,,,,,,,,,,,,,,,,,,,,98.72569778,100.367891,110.1584754,112.9983568,114.7979153,119.4025079,116.3808873,109.3925892,107.3319572,101.7646375,104.1971656,99.31341857,100.6621579,101.2671361,105.06904,104.7882159,103.7864316,103.0985412,102.3695762,104.9584832,105.9277745,111.5971176,116.7607727,113.4185328,108.142897,102.9576786,101.6466728,101.3782682,97.92634564,97.36375027,99.90234258,100,97.38926407,100.1866008,100.56367,102.8476728,106.3198838,104.1491012,102.2017997,101.648435,102.6581514,100.94899,98.86584457,101.3276059,101.2001242
Latin America & Caribbean,LCN,Real effective exchange rate index (2010 = 100),PX.REX.REER,,,,,,,,,,,,,,,,,,,,,,,,,,,,,,,,,,,,,,,,,,,,,,,,,,,,,,,,,,,,,,,,
Least developed countries: UN classification,LDC,Real effective exchange rate index (2010 = 100),PX.REX.REER,,,,,,,,,,,,,,,,,,,,,,,,,,,,,,,,,,,,,,,,,,,,,,,,,,,,,,,,,,,,,,,,
Low income,LIC,Real effective exchange rate index (2010 = 100),PX.REX.REER,,,,,,,,,,,,,,,,,,,,,,,,,,,,,,,,,,,,,,,,,,,,,,,,,,,,,,,,,,,,,,,,
Liechtenstein,LIE,Real effective exchange rate index (2010 = 100),PX.REX.REER,,,,,,,,,,,,,,,,,,,,,,,,,,,,,,,,,,,,,,,,,,,,,,,,,,,,,,,,,,,,,,,,
Sri Lanka,LKA,Real effective exchange rate index (2010 = 100),PX.REX.REER,,,,,,,,,,,,,,,,,,,,,,,,,,,,,,,,,,,,,,,,,,,,,,,,,,,,,,,,,,,,,,,,
Lower middle income,LMC,Real effective exchange rate index (2010 = 100),PX.REX.REER,,,,,,,,,,,,,,,,,,,,,,,,,,,,,,,,,,,,,,,,,,,,,,,,,,,,,,,,,,,,,,,,
Low & middle income,LMY,Real effective exchange rate index (2010 = 100),PX.REX.REER,,,,,,,,,,,,,,,,,,,,,,,,,,,,,,,,,,,,,,,,,,,,,,,,,,,,,,,,,,,,,,,,
Lesotho,LSO,Real effective exchange rate index (2010 = 100),PX.REX.REER,,,,,,,,,,,,,,,,,,,,,204.1085694,199.6784498,195.2844639,205.5277894,203.278801,195.5286868,193.9930943,187.3197268,184.9459975,185.4169313,180.9496833,193.1791783,207.2381798,206.8053798,197.2472547,197.6177767,178.8327866,179.1295082,164.5082059,150.7373018,142.9299724,123.3572086,77.44455189,111.2124421,128.7642478,130.4011083,128.378278,126.6523693,117.4441021,95.49397144,100,99.68158871,95.40297965,86.34013105,81.53623385,78.33336479,73.90139351,80.18622226,81.68829106,79.94399139,75.13547481,81.70030153,80.19707013,74.7592067
Late-demographic dividend,LTE,Real effective exchange rate index (2010 = 100),PX.REX.REER,,,,,,,,,,,,,,,,,,,,,,,,,,,,,,,,,,,,,,,,,,,,,,,,,,,,,,,,,,,,,,,,
Lithuania,LTU,Real effective exchange rate index (2010 = 100),PX.REX.REER,,,,,,,,,,,,,,,,,,,,,,,,,,,,,,,,,,,,,,,,,,,,,,,,,,,,,,,,,,,,,,,,
Luxembourg,LUX,Real effective exchange rate index (2010 = 100),PX.REX.REER,,,,,,,,,,,,,,,,,,,,110.395921,107.8065215,104.9470913,98.73325157,98.8682518,99.37252481,99.84950558,100.5580393,100.4050703,99.74932296,99.52139424,101.0623165,100.6696117,101.0143632,101.2314269,102.1537159,104.0584182,100.8769663,96.40177644,96.08768295,95.00486221,93.17292594,93.69379186,94.85857055,98.36901559,99.42341572,99.26099007,99.80021001,100.7150009,101.8066892,102.6310032,100,100.6467459,98.79682371,100.569336,100.7893395,97.11987614,98.09487599,98.92281443,100.318881,99.60195594,100.9931823,101.1699964,98.26382157,98.6929273
Latvia,LVA,Real effective exchange rate index (2010 = 100),PX.REX.REER,,,,,,,,,,,,,,,,,,,,,,,,,,,,,,,,,,60.15940953,67.63022725,70.2921154,69.8575739,76.10111316,80.15280241,88.60927831,93.66316376,91.54690533,89.12938333,85.02679054,85.76560876,83.94822395,86.42140493,92.80086391,102.2170443,108.0117788,100,102.068458,98.79866407,98.50595096,99.87874968,98.15257984,99.72506835,100.4192553,103.2897392,103.2491469,104.5188236,104.9827228,109.2936232,116.6383704
"Macao SAR, China",MAC,Real effective exchange rate index (2010 = 100),PX.REX.REER,,,,,,,,,,,,,,,,,,,,,,,,,,,,,,,,,,,,,,,,,,,,,,,,,,,,,,,,,,,,,,,,
St. Martin (French part),MAF,Real effective exchange rate index (2010 = 100),PX.REX.REER,,,,,,,,,,,,,,,,,,,,,,,,,,,,,,,,,,,,,,,,,,,,,,,,,,,,,,,,,,,,,,,,
Morocco,MAR,Real effective exchange rate index (2010 = 100),PX.REX.REER,,,,,,,,,,,,,,,,,,,,,,,,,,,,,102.6960892,103.2775188,98.370453,99.36727444,99.87110278,102.6634261,105.9345052,109.3756728,109.7177165,109.3451405,112.2588457,112.2562598,114.8528828,110.2080707,109.7106239,108.8860389,106.9861444,104.0462248,104.5333189,103.610135,103.3494259,104.8177991,100,97.50057656,95.38240341,97.01112423,97.07988903,96.8373008,98.97714979,98.64890052,99.4263131,100.2211263,101.5844408,103.1813643,99.87914316,100.7586938
Monaco,MCO,Real effective exchange rate index (2010 = 100),PX.REX.REER,,,,,,,,,,,,,,,,,,,,,,,,,,,,,,,,,,,,,,,,,,,,,,,,,,,,,,,,,,,,,,,,
Moldova,MDA,Real effective exchange rate index (2010 = 100),PX.REX.REER,,,,,,,,,,,,,,,,,,,,,,,,,,,,,,,,,,,76.26211171,72.22713944,73.50608115,84.79526478,82.3610573,62.83499187,73.14390166,75.83311822,71.70808651,67.86644331,77.68172363,79.27214819,81.41943159,87.73077612,104.0742058,106.6919514,100,104.9571982,110.0475618,106.7123206,102.6721774,99.12393669,101.8067319,112.9419107,122.9750143,125.5871694,132.0267791,128.4016736,154.6078341,173.3449805
Madagascar,MDG,Real effective exchange rate index (2010 = 100),PX.REX.REER,,,,,,,,,,,,,,,,,,,,,,,,,,,,,,,,,,,,,,,,,,,,,,,,,,,,,,,,,,,,,,,,
Maldives,MDV,Real effective exchange rate index (2010 = 100),PX.REX.REER,,,,,,,,,,,,,,,,,,,,,,,,,,,,,,,,,,,,,,,,,,,,,,,,,,,,,,,,,,,,,,,,
Middle East & North Africa,MEA,Real effective exchange rate index (2010 = 100),PX.REX.REER,,,,,,,,,,,,,,,,,,,,,,,,,,,,,,,,,,,,,,,,,,,,,,,,,,,,,,,,,,,,,,,,
Mexico,MEX,Real effective exchange rate index (2010 = 100),PX.REX.REER,,,,,,,,,,,,,,,,,,,,,120.8207662,137.4746929,98.70161154,86.97598414,101.8708324,104.7227763,73.13948892,67.37628241,83.603195,89.73336545,91.90265027,100.7738398,108.9624955,117.1787185,112.3977857,75.52554122,84.78355413,97.61236732,98.38738987,106.7898511,115.5577053,123.0382931,123.0722298,110.2099527,105.9778218,109.8057054,109.9011682,108.3728206,106.0730381,92.78255345,100,99.79551439,96.62317794,102.2381027,101.1420336,90.62592925,79.00773696,80.96285328,80.91721877,83.53509666,77.09695111,81.64640906,85.96888524,100.0397792
Marshall Islands,MHL,Real effective exchange rate index (2010 = 100),PX.REX.REER,,,,,,,,,,,,,,,,,,,,,,,,,,,,,,,,,,,,,,,,,,,,,,,,,,,,,,,,,,,,,,,,
Middle income,MIC,Real effective exchange rate index (2010 = 100),PX.REX.REER,,,,,,,,,,,,,,,,,,,,,,,,,,,,,,,,,,,,,,,,,,,,,,,,,,,,,,,,,,,,,,,,
North Macedonia,MKD,Real effective exchange rate index (2010 = 100),PX.REX.REER,,,,,,,,,,,,,,,,,,,,,,,,,,,,,,,,,,119.1276878,124.0194352,136.4562786,126.0980053,109.8383602,102.0792388,102.8942129,105.4908804,103.1555849,102.670475,104.5282485,103.0069359,100.1242325,99.9326637,99.66252108,103.9007163,103.7099186,100,100.8069277,99.99834825,102.2091695,101.7023261,98.14289133,98.31698125,98.60383675,99.80256141,98.27407513,99.62159135,100.4283738,104.5792765,109.5952878
Mali,MLI,Real effective exchange rate index (2010 = 100),PX.REX.REER,,,,,,,,,,,,,,,,,,,,,,,,,,,,,,,,,,,,,,,,,,,,,,,,,,,,,,,,,,,,,,,,
Malta,MLT,Real effective exchange rate index (2010 = 100),PX.REX.REER,,,,,,,,,,,,,,,,,,,,102.8315821,108.3189054,117.540374,121.4987799,118.3368989,116.7765201,113.2455235,107.1797597,103.7816485,103.3799037,101.0857108,97.35856436,95.04672526,91.45219708,86.37834744,87.86120934,89.31660826,88.89069412,89.89938857,94.39082581,92.5069116,90.43647411,91.4426478,93.85744063,98.90881438,102.7960454,101.5958797,102.1750396,103.6895171,105.3285725,106.2980714,100,99.73209653,95.24233321,97.13125029,96.48756387,89.54822467,91.21916312,92.21965133,93.51955911,91.80705976,92.853661,93.12869418,89.23396375,92.37726362
Myanmar,MMR,Real effective exchange rate index (2010 = 100),PX.REX.REER,,,,,,,,,,,,,,,,,,,,,,,,,,,,,,,,,,,,,,,,,,,,,,,,,,,,,,,,,,,,,,,,
Middle East & North Africa (excluding high income),MNA,Real effective exchange rate index (2010 = 100),PX.REX.REER,,,,,,,,,,,,,,,,,,,,,,,,,,,,,,,,,,,,,,,,,,,,,,,,,,,,,,,,,,,,,,,,
Montenegro,MNE,Real effective exchange rate index (2010 = 100),PX.REX.REER,,,,,,,,,,,,,,,,,,,,,,,,,,,,,,,,,,,,,,,,,,,,,,,,,,,,,,,,,,,,,,,,
Mongolia,MNG,Real effective exchange rate index (2010 = 100),PX.REX.REER,,,,,,,,,,,,,,,,,,,,,,,,,,,,,,,,,,,,,,,,,,,,,,,,,,,,,,,,,,,,,,,,
Northern Mariana Islands,MNP,Real effective exchange rate index (2010 = 100),PX.REX.REER,,,,,,,,,,,,,,,,,,,,,,,,,,,,,,,,,,,,,,,,,,,,,,,,,,,,,,,,,,,,,,,,
Mozambique,MOZ,Real effective exchange rate index (2010 = 100),PX.REX.REER,,,,,,,,,,,,,,,,,,,,,,,,,,,,,,,,,,,,,,,,,,,,,,,,,,,,,,,,,,,,,,,,
Mauritania,MRT,Real effective exchange rate index (2010 = 100),PX.REX.REER,,,,,,,,,,,,,,,,,,,,,,,,,,,,,,,,,,,,,,,,,,,,,,,,,,,,,,,,,,,,,,,,
Mauritius,MUS,Real effective exchange rate index (2010 = 100),PX.REX.REER,,,,,,,,,,,,,,,,,,,,,,,,,,,,,,,,,,,,,,,,,,,,,,,,,,,,,,,,,,,,,,,,
Malawi,MWI,Real effective exchange rate index (2010 = 100),PX.REX.REER,,,,,,,,,,,,,,,,,,,,,200.3859405,205.1456247,198.0028671,202.2886913,214.664305,204.0389883,182.6080069,164.8526332,180.25472,187.7683541,186.9191082,198.0578342,181.692948,185.3078786,131.4474577,115.3028348,166.3594086,173.1836586,129.095912,129.7465342,134.2797779,145.1437968,158.3269987,110.6673338,98.73464017,100.5474897,97.14454678,95.11954327,97.94298238,107.2126605,100,96.74497456,78.49849563,65.34794304,70.65209479,80.40007572,69.61784281,74.59449907,78.95997684,86.8876382,94.65616616,90.18604939,93.82189229,99.55190785
Malaysia,MYS,Real effective exchange rate index (2010 = 100),PX.REX.REER,,,,,,,,,,,,,,,,,,,,164.1971841,158.3064906,159.0892602,169.1575331,177.133337,184.0355685,174.8833083,146.8307606,139.1847453,126.5320476,124.3744846,119.1317755,115.7183161,123.4196924,124.1452621,120.2257377,120.4556489,124.892873,120.6895278,96.38608304,97.25001102,98.50484359,103.3409384,103.4726869,97.8843409,93.4782685,93.30240299,96.28955945,98.07890224,97.792583,94.94039334,100,99.82641014,99.51714647,99.01485772,97.96398785,89.57159419,86.56087981,85.11591819,88.66003109,87.48481448,84.40559116,83.28327701,82.09400047,80.05673726
North America,NAC,Real effective exchange rate index (2010 = 100),PX.REX.REER,,,,,,,,,,,,,,,,,,,,,,,,,,,,,,,,,,,,,,,,,,,,,,,,,,,,,,,,,,,,,,,,
Namibia,NAM,Real effective exchange rate index (2010 = 100),PX.REX.REER,,,,,,,,,,,,,,,,,,,,,,,,,,,,,,,,,,,,,,,,,,,,,,,,,,,,,,,,,,,,,,,,
New Caledonia,NCL,Real effective exchange rate index (2010 = 100),PX.REX.REER,,,,,,,,,,,,,,,,,,,,,,,,,,,,,,,,,,,,,,,,,,,,,,,,,,,,,,,,,,,,,,,,
Niger,NER,Real effective exchange rate index (2010 = 100),PX.REX.REER,,,,,,,,,,,,,,,,,,,,,,,,,,,,,,,,,,,,,,,,,,,,,,,,,,,,,,,,,,,,,,,,
Nigeria,NGA,Real effective exchange rate index (2010 = 100),PX.REX.REER,,,,,,,,,,,,,,,,,,,,,288.3827966,320.8349945,329.0308494,389.4239408,536.9168532,482.7641067,263.7887097,84.00087738,85.30787397,76.2984411,71.05963912,60.10147088,49.77684047,54.44037723,100.6319499,160.1796508,207.5124297,236.0341862,273.0125531,69.19800145,70.16199465,78.18300124,78.4203767,73.67287028,75.31775329,86.26765315,91.4409689,90.53015437,99.56171633,92.6421511,100,100.5038923,110.4984086,117.5466079,124.8405198,119.8622075,110.8603581,101.4472913,109.9022987,124.1888499,119.5151736,117.0350646,133.190253,115.6220466
Nicaragua,NIC,Real effective exchange rate index (2010 = 100),PX.REX.REER,,,,,,,,,,,,,,,,,,,,,,,,,,,311.1944262,2783.760297,39.60431372,20.32352271,60.02379763,110.9882305,130.6433698,130.4850841,120.9614238,110.360333,107.6982376,105.1857246,107.1591772,111.456049,109.9310717,110.297815,107.661918,100.7176363,96.93900558,95.83227639,96.14062837,94.20920388,97.81975011,106.9457087,100,95.88706918,97.42979511,97.24170818,97.34636283,102.0835644,102.2630792,98.53235728,95.93803725,96.01350383,95.96817223,93.02897595,97.07126021,98.72454985
Netherlands,NLD,Real effective exchange rate index (2010 = 100),PX.REX.REER,,,,,,,,,,,,,,,,,,,,111.4104403,107.5970076,99.86593678,102.8927157,101.4658475,98.03596901,95.817529,101.1991608,103.1386229,101.2197181,97.41909211,99.52268482,97.11556376,98.75137385,100.2895403,101.026474,105.3672304,102.8113663,97.08508792,98.59496024,97.41023848,92.5998885,95.10286221,98.38174358,104.3659613,105.3108497,103.8074154,102.4394661,103.142858,103.6600633,105.121705,100,99.40962904,96.68887306,99.81506461,100.3507782,95.96550284,97.32325983,97.93798456,99.82697937,99.80736321,101.8764563,102.09831,102.2379525,103.3514545
Norway,NOR,Real effective exchange rate index (2010 = 100),PX.REX.REER,,,,,,,,,,,,,,,,,,,,93.1395585,94.56343271,98.12836963,102.2892438,101.4596282,99.87217401,98.78555954,97.33585038,99.33180243,102.1385031,101.6708962,100.9192777,97.22419994,97.34260408,93.57509342,91.39199407,94.10397133,93.56902249,94.20670469,91.91333113,91.4897479,89.45047695,92.58166785,100.4709102,99.96825223,95.81144421,99.02648482,98.73880264,98.9100073,99.05234481,96.54641305,100,100.3857058,99.59792469,98.11708516,93.19089741,84.25201595,84.74798646,85.54132904,85.97769658,83.6138819,78.12127036,83.08927658,80.89201579,74.09190042
Nepal,NPL,Real effective exchange rate index (2010 = 100),PX.REX.REER,,,,,,,,,,,,,,,,,,,,,,,,,,,,,,,,,,,,,,,,,,,,,,,,,,,,,,,,,,,,,,,,
Nauru,NRU,Real effective exchange rate index (2010 = 100),PX.REX.REER,,,,,,,,,,,,,,,,,,,,,,,,,,,,,,,,,,,,,,,,,,,,,,,,,,,,,,,,,,,,,,,,
New Zealand,NZL,Real effective exchange rate index (2010 = 100),PX.REX.REER,,,,,,,,,,,,,,,,,,,,85.26348605,84.51266155,85.88982906,88.41697952,85.28036322,79.14472508,80.66304021,81.5622604,94.23748118,101.1108811,96.18432567,93.58372328,89.00515163,79.78596446,82.58405272,87.97554422,93.1781522,99.25509291,101.3262128,88.64241249,84.80024479,77.01702204,75.59786212,82.5534078,93.8040532,100.2545249,105.7477498,98.08185713,104.9147522,97.48905195,91.34322791,100,104.1895763,107.7022555,110.0253288,112.964381,105.1333705,106.2042166,107.8998737,103.3168671,101.6817659,100.8814496,107.6154435,105.4908462,105.6705728
OECD members,OED,Real effective exchange rate index (2010 = 100),PX.REX.REER,,,,,,,,,,,,,,,,,,,,,,,,,,,,,,,,,,,,,,,,,,,,,,,,,,,,,,,,,,,,,,,,
Oman,OMN,Real effective exchange rate index (2010 = 100),PX.REX.REER,,,,,,,,,,,,,,,,,,,,,,,,,,,,,,,,,,,,,,,,,,,,,,,,,,,,,,,,,,,,,,,,
Other small states,OSS,Real effective exchange rate index (2010 = 100),PX.REX.REER,,,,,,,,,,,,,,,,,,,,,,,,,,,,,,,,,,,,,,,,,,,,,,,,,,,,,,,,,,,,,,,,
Pakistan,PAK,Real effective exchange rate index (2010 = 100),PX.REX.REER,,,,,,,,,,,,,,,,,,,,,209.3235139,237.5306426,217.5728259,210.1122539,214.5735567,200.4534577,165.4810179,146.347489,142.5039532,133.7243708,126.6370688,123.9284441,121.6443382,120.0530094,119.2236155,118.5284927,115.3059338,116.9635109,118.7458452,109.819692,107.9068601,98.08027399,101.6264111,98.84491584,98.02268927,100.9770815,103.7859456,102.3280545,97.38545124,96.4868641,100,102.422986,103.7974394,100.8822459,107.8171465,116.0087559,119.6685277,121.6340594,107.1171529,97.26498959,97.59306375,100.277684,97.05734113,91.38954876
Panama,PAN,Real effective exchange rate index (2010 = 100),PX.REX.REER,,,,,,,,,,,,,,,,,,,,,,,,,,,,,,,,,,,,,,,,,,,,,,,,,,,,,,,,,,,,,,,,
Peru,PER,Real effective exchange rate index (2010 = 100),PX.REX.REER,,,,,,,,,,,,,,,,,,,,,,,,,,,,,,,,,,,,,,,,,,,,,,,,,,,,,,,,,,,,,,,,
Philippines,PHL,Real effective exchange rate index (2010 = 100),PX.REX.REER,,,,,,,,,,,,,,,,,,,,117.1597076,123.3936815,127.6498072,132.4818747,111.3747965,110.1327081,120.5821876,94.46445499,87.1787753,88.92889699,95.50129731,90.68354282,90.80993116,100.3694396,98.813578,107.1341216,108.8122451,116.0075829,114.4150636,95.47138241,100.359114,91.59300802,86.43577548,86.74490759,79.40066899,76.01757352,80.03611677,88.2170883,95.32602381,97.76219825,96.01242587,100,100.2168057,104.7586272,107.5974025,106.3189172,111.4900406,108.3965489,103.4478834,100.6100693,105.3900962,111.2770521,111.1247387,109.3228244,113.0679291
Palau,PLW,Real effective exchange rate index (2010 = 100),PX.REX.REER,,,,,,,,,,,,,,,,,,,,,,,,,,,,,,,,,,,,,,,,,,,,,,,,,,,,,,,,,,,,,,,,
Papua New Guinea,PNG,Real effective exchange rate index (2010 = 100),PX.REX.REER,,,,,,,,,,,,,,,,,,,,,134.0140271,137.3955012,135.0976917,130.8764662,131.8628888,126.7671704,119.8173216,118.3330382,117.2924021,120.5677012,108.2600806,111.721612,111.5404159,116.3668949,110.6496762,93.943074,100.5354563,101.0551463,88.7366842,80.46838648,88.333166,82.62722032,77.18890597,85.53967684,88.37366255,89.07473026,89.35869158,84.72652856,95.34886555,102.5959285,100,109.0504085,128.2408186,126.9828526,122.7826794,127.9149168,121.3533836,122.5296257,120.8270196,124.6865929,127.4645474,122.5446727,130.9181252,130.3009529
Poland,POL,Real effective exchange rate index (2010 = 100),PX.REX.REER,,,,,,,,,,,,,,,,,,,,,,,,,,,,,,,,58.10855492,61.68088005,65.75926975,67.11013078,72.54584215,78.5873059,80.92276369,86.09362815,83.34117994,91.69067513,103.1836061,98.86501864,88.45330499,87.48475519,97.21620081,99.12983537,102.5142445,111.8266325,94.85404517,100,98.42758495,95.67754151,96.26748104,96.86358626,92.56586455,88.94932768,92.04961538,93.51576956,92.3725945,92.93395853,92.59713998,94.01171571,105.1083879
Pre-demographic dividend,PRE,Real effective exchange rate index (2010 = 100),PX.REX.REER,,,,,,,,,,,,,,,,,,,,,,,,,,,,,,,,,,,,,,,,,,,,,,,,,,,,,,,,,,,,,,,,
Puerto Rico,PRI,Real effective exchange rate index (2010 = 100),PX.REX.REER,,,,,,,,,,,,,,,,,,,,,,,,,,,,,,,,,,,,,,,,,,,,,,,,,,,,,,,,,,,,,,,,
"Korea, Dem. People's Rep.",PRK,Real effective exchange rate index (2010 = 100),PX.REX.REER,,,,,,,,,,,,,,,,,,,,,,,,,,,,,,,,,,,,,,,,,,,,,,,,,,,,,,,,,,,,,,,,
Portugal,PRT,Real effective exchange rate index (2010 = 100),PX.REX.REER,,,,,,,,,,,,,,,,,,,,75.7781815,76.49068925,80.26384588,79.06515615,72.77491292,73.66872947,74.44021617,74.10896883,73.28214982,74.50053071,78.08402823,83.28530705,89.2019811,97.16018345,94.56075665,93.5415168,96.42011308,97.20913669,95.55635412,95.94668285,95.43653873,93.14565694,95.39874416,97.80255066,102.2156521,103.2264494,102.4243807,102.9981462,103.9386842,103.9590527,103.0378053,100,100.8078369,99.27593847,99.32802112,98.47020242,95.15537263,96.67790714,96.87419649,98.00451247,96.44661969,97.71273476,96.65456058,94.36098164,95.60959495
Paraguay,PRY,Real effective exchange rate index (2010 = 100),PX.REX.REER,,,,,,,,,,,,,,,,,,,,,188.1782523,204.5348854,175.963353,167.5984961,164.8820043,142.5909741,142.5008995,112.9896798,120.781579,90.09819364,89.15918708,100.0914203,97.13511285,97.91847706,103.2300921,104.3242453,108.599416,111.6816831,101.8946261,105.0283768,101.7537443,98.02458176,85.16340443,79.59781819,82.05297994,76.93173151,86.30674799,94.47450353,108.2280536,99.17058652,100,112.1913258,110.2684002,115.3398476,117.5732406,114.7816976,110.9751168,110.2812853,113.7230694,110.286314,108.8618506,107.762758,109.8304199,106.5132111
West Bank and Gaza,PSE,Real effective exchange rate index (2010 = 100),PX.REX.REER,,,,,,,,,,,,,,,,,,,,,,,,,,,,,,,,,,,,,,,,,,,,,,,,,,,,,,,,,,,,,,,,
Pacific island small states,PSS,Real effective exchange rate index (2010 = 100),PX.REX.REER,,,,,,,,,,,,,,,,,,,,,,,,,,,,,,,,,,,,,,,,,,,,,,,,,,,,,,,,,,,,,,,,
Post-demographic dividend,PST,Real effective exchange rate index (2010 = 100),PX.REX.REER,,,,,,,,,,,,,,,,,,,,,,,,,,,,,,,,,,,,,,,,,,,,,,,,,,,,,,,,,,,,,,,,
French Polynesia,PYF,Real effective exchange rate index (2010 = 100),PX.REX.REER,,,,,,,,,,,,,,,,,,,,,,,,,,,,,,,,,,,,,,,,,,,,,,,,,,,,,,,,,,,,,,,,
Qatar,QAT,Real effective exchange rate index (2010 = 100),PX.REX.REER,,,,,,,,,,,,,,,,,,,,,,,,,,,,,,,,,,,,,,,,,,,,,,,,,,,,,,,,,,,,,,,,
Romania,ROU,Real effective exchange rate index (2010 = 100),PX.REX.REER,,,,,,,,,,,,,,,,,,,,,,,,,,,,,,,,67.31695275,41.96633598,57.25805191,62.9680041,61.4444225,55.29390642,65.28577796,84.66027356,72.66164551,81.74356986,83.02545632,83.62263702,81.09613054,82.86691595,97.48220561,104.3835531,112.6636562,106.41604,98.65178791,100,102.5612152,96.58094061,101.1361796,101.8221185,98.3277295,96.61026741,95.20066354,97.73057137,97.25238669,98.61580656,99.56033704,103.2811612,108.8567636
Russian Federation,RUS,Real effective exchange rate index (2010 = 100),PX.REX.REER,,,,,,,,,,,,,,,,,,,,,,,,,,,,,,,,,,,48.8502695,60.25472464,74.38482071,79.48307445,70.16229206,47.95595747,54.06565814,63.56512892,66.49665528,68.80066745,74.31978165,81.14900805,88.94371615,93.51568314,99.08715118,92.17305745,100,104.381862,105.5626437,107.0044798,97.73828253,79.57118627,79.31898194,91.77923824,85.01141169,87.22802969,80.81880881,79.45906925,102.2717263,81.42580788
Rwanda,RWA,Real effective exchange rate index (2010 = 100),PX.REX.REER,,,,,,,,,,,,,,,,,,,,,,,,,,,,,,,,,,,,,,,,,,,,,,,,,,,,,,,,,,,,,,,,
South Asia,SAS,Real effective exchange rate index (2010 = 100),PX.REX.REER,,,,,,,,,,,,,,,,,,,,,,,,,,,,,,,,,,,,,,,,,,,,,,,,,,,,,,,,,,,,,,,,
Saudi Arabia,SAU,Real effective exchange rate index (2010 = 100),PX.REX.REER,,,,,,,,,,,,,,,,,,,,,240.8831884,241.9395429,246.9999113,244.4745682,239.6178534,223.3907264,170.7303533,145.1804936,135.9973338,137.779751,127.2986257,127.3924535,120.0034589,123.3106153,118.9569769,115.2864612,117.4348877,122.724348,128.6843694,123.2867356,124.7769649,126.8631125,123.1145226,112.7394474,104.8530766,101.5259356,99.68856225,96.5988081,94.29737456,100.7121594,100,96.52790469,99.28217867,101.5629349,103.8004174,113.5813682,117.2738804,114.9051542,113.9584251,112.9420194,115.7954383,113.564409,118.2164415,118.9600258
Sudan,SDN,Real effective exchange rate index (2010 = 100),PX.REX.REER,,,,,,,,,,,,,,,,,,,,,,,,,,,,,,,,,,,,,,,,,,,,,,,,,,,,,,,,,,,,,,,,
Senegal,SEN,Real effective exchange rate index (2010 = 100),PX.REX.REER,,,,,,,,,,,,,,,,,,,,,,,,,,,,,,,,,,,,,,,,,,,,,,,,,,,,,,,,,,,,,,,,
Singapore,SGP,Real effective exchange rate index (2010 = 100),PX.REX.REER,,,,,,,,,,,,,,,,,,,,96.25951178,95.91562626,101.4224334,106.3617395,107.6830667,109.4385322,106.7378851,91.01488515,85.42265242,83.7397582,87.51238453,93.03866676,96.06213365,97.72788849,98.00435164,102.5304107,104.2719172,107.224608,108.5592153,105.9055882,98.68741195,98.52308213,99.03904966,96.46554054,93.07665257,92.0346838,90.60693817,91.82759095,92.25290156,97.0148448,97.03291374,100,105.1691605,110.0351898,112.0565987,111.3352405,108.3182785,108.2662157,107.0639303,106.3096952,106.529835,103.5934693,103.3602902,109.6045243,117.5278264
Solomon Islands,SLB,Real effective exchange rate index (2010 = 100),PX.REX.REER,,,,,,,,,,,,,,,,,,,,130.6083532,138.3389925,147.6265422,151.9636491,137.716287,139.0786892,126.9244449,107.3037931,92.92621257,95.68603541,98.80670807,90.65046686,92.92979023,91.93626153,92.27942343,95.7789645,93.60299291,99.51916363,108.4673672,104.9899446,108.9090002,113.4354301,122.4021713,102.2828849,89.13960484,87.30445274,89.22341545,95.69788987,94.05963348,100.540322,107.8664717,100,102.4724139,111.1322994,118.4623539,124.5476715,127.6993783,128.6265777,127.4624809,126.9070823,127.4968691,129.8673876,124.7611291,132.2653956,135.9518186
Sierra Leone,SLE,Real effective exchange rate index (2010 = 100),PX.REX.REER,,,,,,,,,,,,,,,,,,,,,266.4040153,304.8472304,373.5797746,444.6756397,561.1905775,491.6149286,329.9948732,151.8650138,178.6782547,156.5262879,116.0852029,117.3003472,106.2559617,117.6194253,135.8034069,122.6839662,123.2555928,141.0040534,120.2997362,142.5822403,130.8948747,142.838065,123.4804434,102.1008666,91.35188429,92.80624911,96.08215234,96.6538348,101.4268779,103.6657622,100,102.0012538,118.1074341,126.844051,131.7883013,142.6261363,130.0495168,111.918286,100.7018847,103.9874935,107.2516379,106.693421,103.512088,95.07940517
El Salvador,SLV,Real effective exchange rate index (2010 = 100),PX.REX.REER,,,,,,,,,,,,,,,,,,,,,,,,,,,,,,,,,,,,,,,,,,,,,,,,,,,,,,,,,,,,,,,,
San Marino,SMR,Real effective exchange rate index (2010 = 100),PX.REX.REER,,,,,,,,,,,,,,,,,,,,,,,,,,,,,,,,,,,,,,,,,,,,,,,,,,,,,,,,,,,,,,,,
Somalia,SOM,Real effective exchange rate index (2010 = 100),PX.REX.REER,,,,,,,,,,,,,,,,,,,,,,,,,,,,,,,,,,,,,,,,,,,,,,,,,,,,,,,,,,,,,,,,
Serbia,SRB,Real effective exchange rate index (2010 = 100),PX.REX.REER,,,,,,,,,,,,,,,,,,,,,,,,,,,,,,,,,,,,,,,,,,,,,,,,,,,,,,,,,,,,,,,,
Sub-Saharan Africa (excluding high income),SSA,Real effective exchange rate index (2010 = 100),PX.REX.REER,,,,,,,,,,,,,,,,,,,,,,,,,,,,,,,,,,,,,,,,,,,,,,,,,,,,,,,,,,,,,,,,
South Sudan,SSD,Real effective exchange rate index (2010 = 100),PX.REX.REER,,,,,,,,,,,,,,,,,,,,,,,,,,,,,,,,,,,,,,,,,,,,,,,,,,,,,,,,,,,,,,,,
Sub-Saharan Africa,SSF,Real effective exchange rate index (2010 = 100),PX.REX.REER,,,,,,,,,,,,,,,,,,,,,,,,,,,,,,,,,,,,,,,,,,,,,,,,,,,,,,,,,,,,,,,,
Small states,SST,Real effective exchange rate index (2010 = 100),PX.REX.REER,,,,,,,,,,,,,,,,,,,,,,,,,,,,,,,,,,,,,,,,,,,,,,,,,,,,,,,,,,,,,,,,
Sao Tome and Principe,STP,Real effective exchange rate index (2010 = 100),PX.REX.REER,,,,,,,,,,,,,,,,,,,,,,,,,,,,,,,,,,,,,,,,,,,,,,,,,,,,,,,,,,,,,,,,
Suriname,SUR,Real effective exchange rate index (2010 = 100),PX.REX.REER,,,,,,,,,,,,,,,,,,,,,,,,,,,,,,,,,,,,,,,,,,,,,,,,,,,,,,,,,,,,,,,,
Slovak Republic,SVK,Real effective exchange rate index (2010 = 100),PX.REX.REER,,,,,,,,,,,,,,,,,,,,,,,,,,,,,,,45.90987604,44.38810234,44.98223879,47.56661355,48.00337999,49.34185177,50.0392541,52.91210993,53.6954098,52.28119268,57.55407582,58.64868986,60.15355991,68.29787036,74.79330597,76.68172848,81.07314353,89.61267095,97.61840912,104.7774257,100,100.886117,100.1084304,101.3996762,101.3661342,97.59634984,98.25008013,98.42500698,100.5920031,100.8178301,103.1408593,103.7217069,106.3136522,113.3035227
Slovenia,SVN,Real effective exchange rate index (2010 = 100),PX.REX.REER,,,,,,,,,,,,,,,,,,,,,,,,,,,,,,,,,,,,,,,,,,,,,,,,,,,,,,,,,,,,,,,,
Sweden,SWE,Real effective exchange rate index (2010 = 100),PX.REX.REER,,,,,,,,,,,,,,,,,,,,143.2229692,147.5801188,147.7283071,133.0310864,120.4993817,126.3219524,129.0440511,128.2279166,127.8942292,131.7713707,135.4712523,140.8711037,146.768028,146.708842,120.4079335,118.6384998,118.4369073,127.8743877,120.9008459,117.0553012,113.8348125,111.2031913,101.9298232,104.6618906,111.6240071,112.1852322,107.1854942,106.3891707,107.7713039,105.1977656,94.8011855,100,105.8385511,105.1222654,106.441559,100.7838901,93.24316986,93.94020958,93.12310023,89.26438697,85.70505353,87.71334577,90.27320563,84.85004002,83.44651567
Eswatini,SWZ,Real effective exchange rate index (2010 = 100),PX.REX.REER,,,,,,,,,,,,,,,,,,,,,,,,,,,,,,,,,,,,,,,,,,,,,,,,,,,,,,,,,,,,,,,,
Sint Maarten (Dutch part),SXM,Real effective exchange rate index (2010 = 100),PX.REX.REER,,,,,,,,,,,,,,,,,,,,,,,,,,,,,,,,,,,,,,,,,,,,,,,,,,,,,,,,,,,,,,,,
Seychelles,SYC,Real effective exchange rate index (2010 = 100),PX.REX.REER,,,,,,,,,,,,,,,,,,,,,,,,,,,,,,,,,,,,,,,,,,,,,,,,,,,,,,,,,,,,,,,,
Syrian Arab Republic,SYR,Real effective exchange rate index (2010 = 100),PX.REX.REER,,,,,,,,,,,,,,,,,,,,,,,,,,,,,,,,,,,,,,,,,,,,,,,,,,,,,,,,,,,,,,,,
Turks and Caicos Islands,TCA,Real effective exchange rate index (2010 = 100),PX.REX.REER,,,,,,,,,,,,,,,,,,,,,,,,,,,,,,,,,,,,,,,,,,,,,,,,,,,,,,,,,,,,,,,,
Chad,TCD,Real effective exchange rate index (2010 = 100),PX.REX.REER,,,,,,,,,,,,,,,,,,,,,,,,,,,,,,,,,,,,,,,,,,,,,,,,,,,,,,,,,,,,,,,,
East Asia & Pacific (IDA & IBRD countries),TEA,Real effective exchange rate index (2010 = 100),PX.REX.REER,,,,,,,,,,,,,,,,,,,,,,,,,,,,,,,,,,,,,,,,,,,,,,,,,,,,,,,,,,,,,,,,
Europe & Central Asia (IDA & IBRD countries),TEC,Real effective exchange rate index (2010 = 100),PX.REX.REER,,,,,,,,,,,,,,,,,,,,,,,,,,,,,,,,,,,,,,,,,,,,,,,,,,,,,,,,,,,,,,,,
Togo,TGO,Real effective exchange rate index (2010 = 100),PX.REX.REER,,,,,,,,,,,,,,,,,,,,,157.1673291,155.8421435,149.3878304,146.8191491,133.3194856,127.5170233,137.2505954,136.3471902,129.3960512,120.5116947,124.7783132,118.5026344,119.9013496,113.8176573,78.9673938,109.0087126,93.56177656,94.27660649,98.3051952,94.11198564,89.88117215,91.54440635,94.93351411,98.33259015,99.10221967,100.759468,99.38656985,99.80862111,104.5143443,107.2110551,100,100.6909357,96.35074515,98.201201,99.46180617,94.47419887,95.90902719,95.38429062,96.86480998,94.41646709,96.30723617,97.83235655,95.82808294,103.3768071
Thailand,THA,Real effective exchange rate index (2010 = 100),PX.REX.REER,,,,,,,,,,,,,,,,,,,,,,,,,,,,,,,,,,,,,,,,,,,,,,,,,,,,,,,,,,,,,,,,
Tajikistan,TJK,Real effective exchange rate index (2010 = 100),PX.REX.REER,,,,,,,,,,,,,,,,,,,,,,,,,,,,,,,,,,,,,,,,,,,,,,,,,,,,,,,,,,,,,,,,
Turkmenistan,TKM,Real effective exchange rate index (2010 = 100),PX.REX.REER,,,,,,,,,,,,,,,,,,,,,,,,,,,,,,,,,,,,,,,,,,,,,,,,,,,,,,,,,,,,,,,,
Latin America & the Caribbean (IDA & IBRD countries),TLA,Real effective exchange rate index (2010 = 100),PX.REX.REER,,,,,,,,,,,,,,,,,,,,,,,,,,,,,,,,,,,,,,,,,,,,,,,,,,,,,,,,,,,,,,,,
Timor-Leste,TLS,Real effective exchange rate index (2010 = 100),PX.REX.REER,,,,,,,,,,,,,,,,,,,,,,,,,,,,,,,,,,,,,,,,,,,,,,,,,,,,,,,,,,,,,,,,
Middle East & North Africa (IDA & IBRD countries),TMN,Real effective exchange rate index (2010 = 100),PX.REX.REER,,,,,,,,,,,,,,,,,,,,,,,,,,,,,,,,,,,,,,,,,,,,,,,,,,,,,,,,,,,,,,,,
Tonga,TON,Real effective exchange rate index (2010 = 100),PX.REX.REER,,,,,,,,,,,,,,,,,,,,,,,,,,,,,,,,,,,,,,,,,,,,,,,,,,,,,,,,,,,,,,,,
South Asia (IDA & IBRD),TSA,Real effective exchange rate index (2010 = 100),PX.REX.REER,,,,,,,,,,,,,,,,,,,,,,,,,,,,,,,,,,,,,,,,,,,,,,,,,,,,,,,,,,,,,,,,
Sub-Saharan Africa (IDA & IBRD countries),TSS,Real effective exchange rate index (2010 = 100),PX.REX.REER,,,,,,,,,,,,,,,,,,,,,,,,,,,,,,,,,,,,,,,,,,,,,,,,,,,,,,,,,,,,,,,,
Trinidad and Tobago,TTO,Real effective exchange rate index (2010 = 100),PX.REX.REER,,,,,,,,,,,,,,,,,,,,76.65703501,78.6368763,86.54935916,95.92637665,109.8793259,126.152853,131.9109775,91.25717258,84.56934288,79.93787341,79.11868028,81.07438443,81.11359829,82.8230679,74.75367551,69.65271837,68.0672036,68.74751076,67.26996503,69.90204754,71.05301179,72.65143316,76.77038186,78.71725206,77.38389144,76.00102532,77.30027884,80.44317021,81.88986846,86.77954542,94.83028352,100,98.70494937,107.3167668,111.2099077,117.2343034,131.079073,129.3694453,126.5196519,124.6924427,126.7793054,127.9800833,123.9440334,128.5616827,129.7252011
Tunisia,TUN,Real effective exchange rate index (2010 = 100),PX.REX.REER,,,,,,,,,,,,,,,,,,,,226.7812056,221.0430497,221.0789304,220.0112839,217.4884264,217.4532198,214.9867929,184.5526914,147.8195341,132.866015,131.1725065,127.8626884,130.4480326,133.115968,128.0887702,129.1312518,131.7996577,131.9912754,131.37683,131.7231138,132.7033203,131.0191838,128.9731386,127.5340329,121.3103124,116.7483523,111.0605821,108.2899826,104.6231365,103.3307203,102.5200878,100,97.79942534,96.38124118,93.54525034,93.47984195,97.49279259,92.49890248,84.40244616,79.22448794,78.38915439,85.20497728,85.84675876,86.4264751,88.5746007
Turkiye,TUR,Real effective exchange rate index (2010 = 100),PX.REX.REER,,,,,,,,,,,,,,,,,,,,,,,,,,,,,,,,,,,,,,,,,,,,,,,,,,,,,,,,,,,,,,,,
Tuvalu,TUV,Real effective exchange rate index (2010 = 100),PX.REX.REER,,,,,,,,,,,,,,,,,,,,,,,,,,,,,,,,,,,,,,,,,,,,,,,,,,,,,,,,,,,,,,,,
Tanzania,TZA,Real effective exchange rate index (2010 = 100),PX.REX.REER,,,,,,,,,,,,,,,,,,,,,,,,,,,,,,,,,,,,,,,,,,,,,,,,,,,,,,,,,,,,,,,,
Uganda,UGA,Real effective exchange rate index (2010 = 100),PX.REX.REER,,,,,,,,,,,,,,,,,,,,,2202.655457,1564.394477,542.8866221,429.521906,293.4516688,384.353825,401.1134629,511.8045225,470.4082023,384.8580834,245.0713509,179.953085,120.1726059,118.6887568,148.5854067,145.2793364,145.5141869,152.4953532,135.5982417,123.4145922,116.985558,114.1117828,109.1961902,95.8318662,99.42832705,104.1414495,104.3577513,107.9408685,111.2867105,108.3543721,100,94.1036541,104.9577197,106.0155759,107.7179397,101.2131608,98.00533588,95.53352625,92.12738677,95.48186158,97.21779318,98.71498913,102.8313107,107.6979555
Ukraine,UKR,Real effective exchange rate index (2010 = 100),PX.REX.REER,,,,,,,,,,,,,,,,,,,,,,,,,,,,,,,,,,97.91733176,167.5002183,96.22473596,115.7579216,136.5258558,124.7249268,98.40724731,97.75448426,108.1531527,103.9643228,95.50768634,93.53496781,103.2525168,107.5537774,108.3587212,117.5019451,97.92489559,100,99.3890183,101.4620747,97.99041121,76.80765033,71.55881313,71.92786976,76.22834256,80.47336438,93.06919489,91.8079495,93.93390477,94.78109906,91.70874985
Upper middle income,UMC,Real effective exchange rate index (2010 = 100),PX.REX.REER,,,,,,,,,,,,,,,,,,,,,,,,,,,,,,,,,,,,,,,,,,,,,,,,,,,,,,,,,,,,,,,,
Uruguay,URY,Real effective exchange rate index (2010 = 100),PX.REX.REER,,,,,,,,,,,,,,,,,,,,,106.3760009,120.5143306,125.5402429,78.14267324,76.26752237,73.55255572,72.30009754,70.14572595,67.1699226,69.3359936,62.92333981,71.62090102,76.83129332,90.65924742,98.99558932,102.4648425,103.5376974,107.1347843,109.0154484,114.4327563,113.3465768,110.581107,94.00201214,73.59247083,72.46050588,81.09967555,81.7387888,81.40599104,88.2405724,90.09263245,100,102.070992,104.8070831,111.0859042,106.8223389,107.3787471,108.8004943,115.7169567,117.5007861,113.7953461,108.5412566,106.2047024,118.0349638,127.5666646
United States,USA,Real effective exchange rate index (2010 = 100),PX.REX.REER,,,,,,,,,,,,,,,,,,,,,105.8474488,116.6924246,130.5269935,136.6409686,145.0610748,150.1920759,126.1131157,113.5257925,107.3370685,110.9954542,105.8364505,104.3742229,101.7891513,104.7540833,104.1959821,100.7430904,103.7460157,108.8664699,116.7183787,115.5663508,119.4655078,126.2286232,125.9208861,117.9973868,112.4021383,110.8410817,109.9267906,104.8925594,100.4415465,104.6963503,100,95.00854354,97.36994687,97.55633987,99.19590995,109.9057337,114.5682131,114.3384558,113.2075515,116.4510996,118.007846,115.6271055,126.625654,127.5404195
Uzbekistan,UZB,Real effective exchange rate index (2010 = 100),PX.REX.REER,,,,,,,,,,,,,,,,,,,,,,,,,,,,,,,,,,,,,,,,,,,,,,,,,,,,,,,,,,,,,,,,
St. Vincent and the Grenadines,VCT,Real effective exchange rate index (2010 = 100),PX.REX.REER,,,,,,,,,,,,,,,,,,,,112.1889774,111.279092,117.6548037,121.8772904,126.3002657,128.3418053,127.1148684,125.0142425,119.2743645,115.1023619,125.3624902,122.5730516,117.3955361,111.9259536,119.5771163,116.2193111,110.001572,113.5604015,114.6709615,116.7446621,116.5273348,117.6656381,119.0669933,116.5945335,108.123015,103.4656134,101.3448121,100.0855179,98.18270391,99.14275984,102.5231109,100,96.77738789,99.75762341,98.55881923,97.95650046,103.7009605,104.4364001,104.1019921,102.952022,105.6865603,104.2951483,101.311186,106.1905756,105.8757543
"Venezuela, RB",VEN,Real effective exchange rate index (2010 = 100),PX.REX.REER,,,,,,,,,,,,,,,,,,,,,80.54979716,90.32757613,97.6638782,103.4402762,72.86448779,72.7278994,68.14008882,42.68319448,52.08797966,41.71054109,36.80931504,39.41955613,40.96557307,43.08588277,41.72319747,51.70810388,42.90170171,54.79124094,67.49244467,76.9902205,79.97677923,85.06298427,66.51380519,57.75294765,55.76301033,54.59121705,57.80783207,63.34823526,75.95473157,99.06263789,100,70.79991264,84.98635966,83.23632933,128.9587126,309.7513218,741.7001633,,,,,,,
British Virgin Islands,VGB,Real effective exchange rate index (2010 = 100),PX.REX.REER,,,,,,,,,,,,,,,,,,,,,,,,,,,,,,,,,,,,,,,,,,,,,,,,,,,,,,,,,,,,,,,,
Virgin Islands (U.S.),VIR,Real effective exchange rate index (2010 = 100),PX.REX.REER,,,,,,,,,,,,,,,,,,,,,,,,,,,,,,,,,,,,,,,,,,,,,,,,,,,,,,,,,,,,,,,,
Viet Nam,VNM,Real effective exchange rate index (2010 = 100),PX.REX.REER,,,,,,,,,,,,,,,,,,,,,,,,,,,,,,,,,,,,,,,,,,,,,,,,,,,,,,,,,,,,,,,,
Vanuatu,VUT,Real effective exchange rate index (2010 = 100),PX.REX.REER,,,,,,,,,,,,,,,,,,,,,,,,,,,,,,,,,,,,,,,,,,,,,,,,,,,,,,,,,,,,,,,,
World,WLD,Real effective exchange rate index (2010 = 100),PX.REX.REER,,,,,,,,,,,,,,,,,,,,,,,,,,,,,,,,,,,,,,,,,,,,,,,,,,,,,,,,,,,,,,,,
Samoa,WSM,Real effective exchange rate index (2010 = 100),PX.REX.REER,,,,,,,,,,,,,,,,,,,,104.2027765,110.4387828,114.8096526,117.0055029,107.3341085,102.8001467,93.45838678,86.8738137,83.17296243,83.31202756,80.62128038,84.61285214,77.4592399,79.9700029,78.11678881,83.73447891,76.24520509,78.60562843,83.68388369,83.23410944,78.13465873,74.68164322,76.93027459,81.31529146,80.47165668,89.81445593,88.92309522,88.97175496,90.03956453,92.75210596,100.0113476,100,102.4386163,103.2696528,102.7819981,101.4677731,103.4861857,104.660688,103.7789889,104.8479059,105.6647239,103.5928667,104.0706609,111.9826917,116.9219222
Kosovo,XKX,Real effective exchange rate index (2010 = 100),PX.REX.REER,,,,,,,,,,,,,,,,,,,,,,,,,,,,,,,,,,,,,,,,,,,,,,,,,,,,,,,,,,,,,,,,
"Yemen, Rep.",YEM,Real effective exchange rate index (2010 = 100),PX.REX.REER,,,,,,,,,,,,,,,,,,,,,,,,,,,,,,,,,,,,,,,,,,,,,,,,,,,,,,,,,,,,,,,,
South Africa,ZAF,Real effective exchange rate index (2010 = 100),PX.REX.REER,,,,,,,,,,,,,,,,,,,,151.2097808,165.3347333,174.1193536,164.9923742,181.5165578,160.1914121,121.5707774,112.2149623,126.7293184,120.6008457,121.4759562,125.0382889,129.950932,134.1078811,131.4388884,125.8459802,122.4319876,112.6323199,119.0669606,109.4923565,103.5614251,100.4120735,88.6618533,75.99513559,98.68315099,104.6042398,104.484955,98.52595651,92.01441803,80.37584581,87.47121219,100,98.26323252,92.42152021,82.10437719,77.09569006,75.24330129,70.67391413,79.64617521,80.82602511,78.27254148,71.05368407,77.65821606,75.99499631,69.83482421
Zambia,ZMB,Real effective exchange rate index (2010 = 100),PX.REX.REER,,,,,,,,,,,,,,,,,,,,,,,,,,,,,50.25006215,65.00538928,53.32221631,49.23575689,47.00599567,53.38234353,51.25731588,49.20468939,53.71446955,62.20448819,58.14185632,58.22829655,59.775112,68.36396255,69.98890146,61.94913307,65.13833356,80.4212074,105.6312657,97.62701863,112.5977057,95.62435705,100,97.1553117,99.71180217,103.0288824,98.43241965,86.74134515,85.66411425,94.20383645,88.52550636,79.81250383,66.45833985,69.79429926,90.96627796,84.53261211
Zimbabwe,ZWE,Real effective exchange rate index (2010 = 100),PX.REX.REER,,,,,,,,,,,,,,,,,,,,,,,,,,,,,,,,,,,,,,,,,,,,,,,,,,,,,,,,,,,,,,,,
