country_num,Country Name,Country Code,Series Name,y1980,y1981,y1982,y1983,y1984,y1985,y1986,y1987,y1988,y1989,y1990,y1991,y1992,y1993,y1994,y1995,y1996,y1997,y1998,y1999,y2000,y2001,y2002,y2003,y2004,y2005,y2006,y2007,y2008,y2009,y2010,y2011,y2012,y2013,y2014,y2015,y2016,y2017,y2018,y2019,y2020,y2021,y2022,y2023,,Per GDP growth vector,gr2021,gr2022,gr2023
1,Afghanistan,AFG,GDP per capita (current US$),,,,,,,,,,,,,,,,,,,,,,,233.433,233.755,254.259,294.396,320.674,381.502,447.746,511.374,631.49,714.7,784.611,754.402,747.622,711.337,616.234,635.789,582.323,586.204,611.268,611.268,611.268,611.268,,Afghanistan,1,1,1
2,Albania,ALB,GDP per capita (current US$),728.359,817.734,824.542,815.529,788.332,788.801,855.724,832.245,805.046,860.784,675.736,408.022,259.75,452.623,736.028,903.989,1009.97,717.381,818.32,1032.26,1127.64,1283.57,1425.13,1846.12,2373.58,2673.77,2972.75,3595.05,4370.56,4114.09,4097.83,4439.89,4248.91,4415.6,4584.92,3953.61,4124.41,4525.89,5254.46,5305.07,5268.24,6374.79,6259.6,6668.8,,Albania,1.210041154,0.981931315,1.065371249
3,Algeria,DZA,GDP per capita (current US$),2268.61,2305.51,2254.33,2316.68,2432.72,2753.7,2698.92,2705.11,2143.74,2127.87,2473.51,1819.98,1873.42,1894.95,1542.97,1499.14,1643.27,1658.73,1633.09,1630.07,1794.7,1768.58,1806.86,2128.39,2636.31,3141.03,3508.96,3986.56,4943.5,3886.06,4480.72,5453.89,5575.65,5477.06,5466.33,4153.32,3918.94,4079.65,4118.74,3939.54,3365.93,3701.2,4294.42,4361.87,,Algeria,1.099607152,1.160275953,1.015706203
4,American Samoa,ASM,GDP per capita (current US$),,,,,,,,,,,,,,,,,,,,,,,,,,,,,,,,,,,,,,,,,,,,,,American Samoa,,,
5,Andorra,AND,GDP per capita (current US$),,,,,,,,,,,,,,,,,,,,,,,,,,,,,,,,,,,,,,,,,,,,,,Andorra,,,
6,Angola,AGO,GDP per capita (current US$),745.119,679.02,661.52,671.804,693.779,758.525,690.446,769.563,812.794,920.268,986.639,928.506,695.059,489.755,346.239,419.529,525.403,599.077,493.041,452.677,652.11,619.697,841.42,951.969,1222.04,1862.42,2561.86,3099.09,4081.69,3146.8,3641.44,4716.25,5245.02,5436.52,5625.74,4354.92,3676.83,4300.1,3465.06,2805.26,1877.25,2330.72,3792.75,3932.16,,Angola,1.241561198,1.627287167,1.036755086
7,Antigua and Barbuda,ATG,GDP per capita (current US$),1920.27,2177.1,2448.57,2752.96,3200.97,3764,4617.6,5455.28,6547.27,7273.22,7623.41,7927.57,8084.42,8474.02,9097.24,8675.23,9266.49,9678.3,10074.77,10349.51,10981.38,10414.64,10482.01,10892.4,11581.32,12736.24,14262.1,15992.74,16510.08,14612.9,13564.68,13295.36,13811.08,13392.22,13951.99,14696.89,15556.01,15655.23,16860.96,17451.55,13997.54,14684.8,16085.42,17300.45,,Antigua and Barbuda,1.049098709,1.095379044,1.075536107
8,Argentina,ARG,GDP per capita (current US$),8361.21,6671.43,3257.85,3962.74,4374.78,3248.75,3857.03,3909.98,4524.5,2867.31,4857.8,6429.45,7653.71,7796.24,8378.74,8295.12,8645.46,9196.52,9283.18,8709.07,8638.54,8085.36,2997.62,3761.09,4314.1,5163.55,5976.08,7315.73,9146.79,8337.81,10412.97,12787.81,13889.79,14488.83,13208.83,14895.32,12772.87,14618.33,11786.43,10054.02,8571.94,10658.46,12187.3,12266.72,,Argentina,1.243413012,1.143439042,1.006516703
9,Armenia,ARM,GDP per capita (current US$),,,,,,,,,,,,,31.321,247.884,196.98,399.576,503.774,521.869,608.415,597.241,620.638,692.287,779.122,923.387,1180.4,1628.06,2128.15,3079.03,3913.44,2911.76,3121.78,3417.17,3575.53,3732.04,3889,3529.03,3524,3868.91,4195.96,4596.86,4267.49,4701.4,4741.43,5346.74,,Armenia,1.101679513,1.008513629,1.127664888
10,Aruba,ABW,GDP per capita (current US$),,,,,,,,,,,,,,,,16546.62,16620.85,17751.07,18825.01,19215.01,20678.4,20650.03,21307.13,21949.25,23700.38,24171.84,24845.53,26736.44,28171.91,25134.65,24087.95,25661.12,25008.2,25641.78,25883.62,27126.62,27037.46,27897.42,28727.94,29505.34,22483.49,27118.43,28862.75,30239.24,,Aruba,1.206148949,1.064322153,1.047690849
11,Australia,AUS,GDP per capita (current US$),10987.05,12505.14,12212.05,11570.45,12551.72,10947.21,11224.32,12974.46,16215.8,18168.82,18835.27,18630.75,18082.41,17424.99,19703.54,20868.86,23106.51,22989.52,20347.56,21727.09,20850.53,19431.83,21648.34,27213.27,32761.41,36139.87,37876.09,45103.02,49149.07,45684.88,56459.8,67208.53,68445.44,65174.76,61648.39,51484.05,51918.17,55915,56460.9,54476.91,52847.68,63529.29,67464.39,69717.12,,Australia,1.202120725,1.061941461,1.03339141
12,Austria,AUT,GDP per capita (current US$),10731.96,9280.73,9267.66,9417.24,8882.63,9090.8,12886.1,16093.01,17632.82,17547.81,21827.44,22621.88,25068.4,24152.66,25725.56,30350.53,29820.6,26737.48,27399.09,27210.47,24636.47,24558.92,26508.32,32298.61,36883.89,38450.61,40674.88,46922.56,51914.01,48111.66,46955.17,51452.28,48616.9,50747.38,51814.42,44267.81,45278.83,47317.91,51246.15,50246.61,48636.3,53367.54,53370.71,57420.9,,Austria,1.097277914,1.000059343,1.075887977
13,Azerbaijan,AZE,GDP per capita (current US$),,,,,,,,,,,,,159.971,174.875,297.162,316.227,411.14,508.043,543.344,576.005,656.386,674.783,760.812,879.863,1039.82,1571.29,2458.42,3818.27,5578.56,4963.77,5880.81,7242.81,7545.87,7926.09,7939.17,5300.14,3897.71,4217.65,4759.8,4826.35,4240.84,5397.93,7164.55,7035.53,,Azerbaijan,1.272842859,1.327277059,0.98199202
14,"Bahamas, The",BHS,GDP per capita (current US$),12289.31,12493.75,13746.78,14958.65,15627.02,16797.76,17850.61,19326.11,19683.61,21814.31,20456.26,19767.72,19417.22,18979.01,19660.92,20271.25,20974.54,21951.76,23300.8,25780.48,26669.44,27060.51,28477.06,28043.46,28239.07,30269.03,30908.21,31894.39,31248.6,29296.49,29303.26,28906.97,30433.05,29669.94,30850.41,32154.95,32390.98,33191.21,34094.37,34575.62,25734.16,28579.31,32077.31,34242.1,,"Bahamas, The",1.110559281,1.122396351,1.067486455
15,Bahrain,BHR,GDP per capita (current US$),10189.61,11061.39,11221.7,11117.66,11163.44,10182.37,7695.81,8049.36,9602.79,9668.04,10179.63,10252.37,10536.82,11290.27,11777.07,12143.09,12298.65,12422.12,11565.97,12210.22,14214.58,13894.34,13501.55,14486.06,15963.98,17966.22,19267.57,20908.34,23236.06,19465.29,20827.72,24080.43,25434.45,25965.31,25398.32,22659.37,22641.28,23631.59,25049.64,25925.28,23585.91,26135.78,29103.36,29327.24,,Bahrain,1.108109757,1.113544969,1.007692513
16,Bangladesh,BGD,GDP per capita (current US$),,273.372,249.371,235.351,257.242,269.294,269.762,287.665,301.593,320.657,337.603,341.254,340.031,335.752,349.359,381.778,399.703,407.248,416.99,424.225,425.728,418.961,420.891,445.932,479.362,499.591,509.61,558.087,634.979,702.264,781.154,861.541,882.763,982.072,1118.86,1248.89,1401.51,1563.81,1693.77,1854.67,1961.61,2147.27,2361.98,2587.68,,Bangladesh,1.094646551,1.099991897,1.095555262
17,Barbados,BRB,GDP per capita (current US$),4036.51,4427.06,4611.69,4882.79,5308.31,5539.56,6062.78,6653.72,7052.01,7776.71,7772.17,7777.87,7464.87,7886.78,8194.38,8414.12,8938.57,9412.37,10573.11,11039.1,11337.03,11284.37,11442.56,11788.65,12612.21,13939.67,15334.01,16925.61,17254.23,16036.4,16203.26,16599.01,16371.95,16556.1,16572.31,16589.45,16947.63,17423.25,17758.08,18448.83,16245.06,16875.09,19110.46,20426.46,,Barbados,1.038783182,1.132465648,1.068862856
18,Belarus,BLR,GDP per capita (current US$),,,,,,,,,,,,,1252.79,1114.1,1533.72,1034.93,1429.06,1396.11,1514.67,1210.97,1079.61,1283.27,1524.49,1873.67,2450.9,3221.46,3968.75,4887.28,6581.18,5345.33,6023.15,6472.74,6938.07,7977.15,8316.01,5941.24,5022.47,5778.56,6351.76,6831.52,6515.65,7295.02,6384.27,6502.12,,Belarus,1.119613626,0.875154609,1.01846007
19,Belgium,BEL,GDP per capita (current US$),12529.35,10366.11,9128.58,8626.16,8244.85,8568.65,11873.81,14740.46,16008.64,16098.16,20119.94,20563.73,22823.03,21723.62,23624.47,28458.47,27535.29,24878.75,25399.22,25309.06,23136.51,23067.16,25044.33,30707.67,35497.55,36945.5,38841.79,44496.79,48493.14,44892.23,44448.17,47564.38,44824.16,46848.61,47897.04,41147.26,42076.4,44274.07,47718.41,46555.09,45254.72,51875.04,52484.57,54822.9,,Belgium,1.146290013,1.011750025,1.044552637
20,Belize,BLZ,GDP per capita (current US$),1148.32,1193.87,1171.02,1200.89,1304.51,1258.9,1332.85,1518.91,1759.54,1977.23,2180.35,2292.38,2604.22,2731.02,2741.68,2854.28,2878.73,2834.82,2877.75,3002.72,3293.3,3386.38,3517.72,3646.29,3799.07,3880.5,4152.34,4250.4,4398.81,4124.92,4265.62,4393.19,4462.93,4510.07,4644.62,4681.77,4692.07,4791.52,4813.21,4853.32,3781.35,4176.52,4519.82,4742.41,,Belize,1.104506438,1.082198078,1.049246176
21,Benin,BEN,GDP per capita (current US$),633.148,413.922,397.573,340.867,352.495,370.342,462.434,535.192,544.339,491.147,580.414,573.656,615.86,579.433,389.725,506.863,533.492,497.342,519.561,552.37,512.9,518.071,574.524,711.107,798.382,823.24,856.1,966.317,1125.3,1087.58,1037.38,1130.07,1145.87,1251.23,1291.74,1076.91,1086.99,1136.19,1240.84,1218.28,1290.5,1397.83,1432.3,1517.57,,Benin,1.083166215,1.024664014,1.059530043
22,Bermuda,BMU,GDP per capita (current US$),,,,,,,,,,,,,,,,,,,,,,,,,,,,,,,,,,,,,,,,,,,,,,Bermuda,,,
23,Bhutan,BTN,GDP per capita (current US$),301.912,317.384,325.479,343.169,346.705,349.039,382.259,447.284,496.565,483.64,514.626,446.274,442.838,470.84,484.426,569.737,594.213,654.919,701.797,716.174,758.308,767.831,813.421,950.504,1059.21,1215.29,1293.19,1563.08,1936.11,1797.42,2097.66,2511.6,2592.37,2609.65,2546.91,2693.63,2803.64,3234.75,3280.72,3371.02,3241.24,3184.79,3491.27,3755.36,,Bhutan,0.982582586,1.096233498,1.075643004
24,Bolivia,BOL,GDP per capita (current US$),695.535,615.66,668.55,619.896,631.152,668.921,640.939,683.624,712.146,715.525,723.42,777.891,804.735,795.05,804.712,885.679,955.574,1005.87,1057.72,1010.58,1005.41,959.844,914.958,918.468,979.59,1049.06,1240.94,1399.8,1749.2,1789.6,1994.91,2394.79,2664.57,2920.52,3096.84,3050.65,3094.99,3388.52,3588.09,3591.4,3172.56,3369.14,3430.77,3573.86,,Bolivia,1.061964864,1.018290111,1.041709648
25,Bosnia and Herzegovina,BIH,GDP per capita (current US$),,,,,,,,,,,,,,,,,952.331,1225.46,1415.1,1540.51,1480.62,1540.27,1785.29,2254.45,2699.05,2903.6,3306.79,4073.01,4984.54,4711.12,4633.86,5089.85,4773.16,5125.6,5319.32,4727.26,4994.07,5392.37,6073.94,6120.16,5721.46,6440.38,6725.58,7208.43,,Bosnia and Herzegovina,1.125653002,1.044282777,1.07179247
26,Botswana,BWA,GDP per capita (current US$),1199.22,1039.43,1057.51,1126.87,1079.24,968.951,1267.15,1915.11,2398.68,2584.23,2750.81,2673.59,2684.21,2629.78,2755.72,2984.19,3006.15,3025.7,2841.93,3173.69,3301.21,3090.26,3017.72,4119.41,4840.81,5338.24,5352.87,5676.26,5641.18,5183.69,6374.99,7637.77,7898.91,7231.39,7784.72,6811.43,7249.31,7286.77,7513.63,7219.46,6348.81,7416.67,7519.21,7923.96,,Botswana,1.168199264,1.013824526,1.053829886
27,Brazil,BRA,GDP per capita (current US$),1229.88,1382.55,1446.23,1134.93,1105.85,1719.52,1955.07,2087.45,2289.42,3087.93,3106.12,2677.84,2523.74,2787.16,3495.24,4851.99,5204.57,5321.14,5123.55,3501.44,3772.05,3177.94,2856.03,3089.14,3660.02,4819.87,5921.18,7390.65,8878.36,8649.58,11333.02,13295.9,12424.95,12358.34,12175.68,8846.48,8757.31,9978.09,9194.15,8935.76,6840.66,7563.56,8570.28,9204.82,,Brazil,1.105677553,1.133100515,1.074040206
28,Brunei Darussalam,BRN,GDP per capita (current US$),,,,,,19916.36,11908.98,13239.41,12202.35,13414.34,15373.58,15723.28,17331,16611.62,16089.63,18233.96,19221.09,19060.15,14479.97,16060.9,20445.93,18621.1,18785.87,20755.77,24217.73,29420.37,34690.3,36302.79,42470.56,31341.5,35437.22,47092.3,47772.21,44860.43,41947.16,31355.74,27318.05,28236.77,30668.37,29314.11,27068.33,44808.56,79816.31,62200.28,,Brunei Darussalam,1.655387125,1.781273667,0.779292898
29,Bulgaria,BGR,GDP per capita (current US$),3673.24,3950.23,4108.12,4211.11,4465.39,3820.54,3382.44,3926.06,6433.12,6580.67,2919.83,288.506,1183.16,649.649,1155.8,1958.07,1494.79,1386.47,1854.47,1689.29,1625.32,1797.39,2090.68,2710.58,3370.38,3869.59,4477.03,5811.85,7156.18,6878.06,6713.33,7832.19,7417.27,7675.91,7900.7,7079.78,7575.77,8381.99,9470.58,9863.02,10119.91,11683.88,13101.48,14397.25,,Bulgaria,1.154543682,1.121329761,1.098902727
30,Burkina Faso,BFA,GDP per capita (current US$),349.672,297.167,270.123,240.72,209.724,225.945,288.783,327.429,352.096,342.864,395.875,389.6,406.069,376.711,220.468,265.238,280.453,258.109,287.604,300.311,255.082,267.099,294.457,374.534,418.187,458.187,473.475,535.126,643.334,623.497,648.365,751.041,758.481,787.482,793.051,653.393,687.48,734.737,813.468,786.929,831.013,887.282,885.941,933.7,,Burkina Faso,1.067711335,0.998488643,1.053911039
31,Burundi,BDI,GDP per capita (current US$),232.381,234.94,241.083,247.995,218.999,247.644,253.424,231.932,211.184,213.175,207.113,207.674,187.243,162.572,157.474,167.177,142.588,157.054,141.755,133.412,130.225,127.349,116.392,108.066,122.381,148.71,164.575,170.174,195.79,208.78,231.549,247.097,250.118,255.319,273.133,304.243,281.062,291.859,271.289,261.294,259.906,272.144,272.355,284.063,,Burundi,1.047086254,1.000775325,1.042988012
32,Cabo Verde,CPV,GDP per capita (current US$),541.435,522.81,517.666,499.536,466.312,476.329,645.817,783.24,861.862,853.014,957.369,974.873,1062.47,1046.27,1180.49,1378.16,1385.77,1322.34,1376.76,1541.83,1399.09,1387.33,1501.55,1935.48,2188,2298.4,2571.82,3110.45,3636.13,3416.22,3312.04,3672.58,3388.88,3557.87,3532.99,2996.36,3082.16,3239.07,3616.44,3601.73,3065.48,3455.47,3502.98,3774.61,,Cabo Verde,1.127219964,1.013750091,1.077542527
33,Cambodia,KHM,GDP per capita (current US$),,,,,,,25.707,17.116,32.608,39.704,99.833,215.671,252.491,242.479,265.056,319.537,316.188,302.166,267.864,293.699,299.982,320.046,337.501,360.659,405.629,470.683,536.151,627.78,741.855,737.194,788.19,889.788,965.413,1034.82,1123.18,1203.48,1320.33,1448.11,1588,1736.42,1606.81,1653.77,1751.99,1872.02,,Cambodia,1.029223101,1.05939047,1.068513144
34,Cameroon,CMR,GDP per capita (current US$),930.182,1024,955.191,937.11,964.514,981.176,1244.63,1401.71,1382.9,1196.77,1161.86,1256.8,1117.82,1132.11,748,690.153,748.158,735.872,714.919,708.662,631.788,651.44,708.445,866.493,1010.49,1013.55,1063.14,1195.79,1377.15,1318.56,1287.57,1404.85,1355.4,1465.66,1543.03,1327.64,1363.95,1424.6,1535.19,1507.51,1539.35,1654.72,1637.77,1730.91,,Cameroon,1.074946374,0.989753572,1.056871303
35,Canada,CAN,GDP per capita (current US$),11280.2,12396.67,12543.94,13493.2,13947.36,14185.92,14539.75,16408.14,19041.18,20842.46,21572.14,21885.57,20984.78,20210.45,20024.58,20706.73,21325.69,21930.49,21046.56,22340.55,24296.72,23859.71,24279.19,28338.75,32176.59,36439.62,40558.9,44716.99,46773.84,40990.63,47627.35,52285.94,52744,52708.61,51020.84,43626.47,42382.64,45191.96,46532.17,46399.71,43306.64,52078.52,57405.93,60411.72,,Canada,1.202552796,1.102295851,1.052360182
36,Cayman Islands,CYM,GDP per capita (current US$),,,,,,,,,,,,,,,,,,,,,,,,,,,,,,,,,,,,,,,,,,,,,,Cayman Islands,,,
37,Central African Republic,CAF,GDP per capita (current US$),313.369,316.495,298.747,279.719,265.441,340.227,431.342,465.181,490.939,474.879,539.656,502.896,489.786,418.922,268.106,340.988,298.443,285.804,296.103,290.99,238.505,242.794,260.865,310.302,336.409,356.688,381.315,427.313,485.807,482.648,492.078,551.028,566.199,380.304,424.67,377.476,402.053,450.744,488.563,479.846,494.408,525.046,527.215,561.953,,Central African Republic,1.061969062,1.004131067,1.065889628
38,Chad,TCD,GDP per capita (current US$),163.554,189.349,178.888,174.759,182.983,192.956,230.715,253.529,287.003,262.413,306.217,293.844,296.666,251.096,196.901,233.418,250.861,232.968,254.121,215.939,188.139,223.102,250.264,330.959,513.888,661.203,712.529,803.018,932.601,805.798,895.354,985.629,970.738,982.92,1024.84,776.105,700.558,671.18,713.034,685.677,653.088,697.339,742.943,754.249,,Chad,1.067756566,1.065397174,1.015217857
39,Channel Islands,CHI,GDP per capita (current US$),,,,,,,,,,,,,,,,,,,,,,,,,,,,,,,,,,,,,,,,,,,,,,Channel Islands,,,
40,Chile,CHL,GDP per capita (current US$),2579.92,3004.73,2204.38,1762.22,1687.02,1424.36,1504.43,1743.88,2021.05,2289.45,2503.87,2829.74,3368.27,3547.02,4030.06,5117.7,5349.58,5743.72,5446.55,4952.87,5071.7,4572.86,4443.76,4770.33,6193.09,7600.35,9473.01,10507.91,10748.98,10220.07,12794.28,14610.79,15307.79,15804.44,14643.45,13570.89,13779.04,15034.8,15865.54,14619.5,12976.52,16069.81,15941.34,17453.47,,Chile,1.23837606,0.992005692,1.094855947
41,China,CHN,GDP per capita (current US$),307.003,288.527,279.977,296.507,301.105,293.007,279.911,299.834,368.069,406.523,346.864,356.766,420.031,520.962,468.658,603.544,703.066,774.912,820.907,865.228,951.153,1044.97,1141.15,1282.2,1499.75,1751.43,2095.21,2691.07,3446.78,3813.41,4499.79,5560.74,6306.66,7073.49,7694.15,8084.8,8119.62,8760.26,9848.95,10170.06,10525,12358.8,14096.24,15485.9,,China,1.174232382,1.1405831,1.098584125
42,Colombia,COL,GDP per capita (current US$),1634.01,1741.39,1824.79,1775.3,1717.02,1576.93,1547.01,1577.32,1665.56,1645.34,1642.44,1663.07,1929.38,2145.63,2648.35,2947.97,3046.79,3301.51,3001.96,2596.72,2462.51,2390.5,2354.59,2246.96,2745.83,3394.81,3727.42,4694.82,5455.54,5168.38,6295.29,7274.74,7957.83,8108.78,7998.83,6088.67,5799.62,6577.3,6923.64,6546.63,5368.32,6156.14,6806.52,7103.08,,Colombia,1.146753202,1.105648396,1.043568794
43,Comoros,COM,GDP per capita (current US$),684.569,584.519,541.617,513.524,490.137,482.697,629.744,741.276,772.133,731.08,868.945,895.707,955.474,916.695,660.355,806.805,789.145,714.272,701.452,703.067,628.071,675.05,757.399,949.68,1055.36,1085.66,1110.98,1251.86,1403.8,1351.15,1322.64,1450.16,1403.42,1500.73,1505.18,1231.14,1256.04,1300.57,1386.01,1359.75,1357.29,1405.72,1371.03,1398.92,,Comoros,1.035682842,0.975319462,1.020339468
44,"Congo, Dem. Rep.",COD,GDP per capita (current US$),2730.69,2301.28,2422.24,1891.28,1221.72,1080.9,1174.02,1076,1206.85,1188.85,1192.38,1120.91,973.197,1222.44,639.608,601.803,750.736,642.729,461.123,410.453,397.025,146.542,171.076,171.505,189.173,215.172,248.176,280.397,316.269,289.689,326.681,379.705,417.545,450.642,479.602,490.698,459.14,466.599,560.811,580.695,536.45,608.952,669.365,715.246,,"Congo, Dem. Rep.",1.135151459,1.099208148,1.068544068
45,"Congo, Rep.",COG,GDP per capita (current US$),1362.75,1083.72,916.547,808.393,721.033,717.264,951.697,1121.61,1157.52,1150.77,1310.37,1326.74,1398.92,1249.63,839.501,973.005,1097.23,967.806,823.561,949.351,1268.42,1037.33,1109.28,1255.57,1617.33,2058.3,2436.38,2586.3,3346.18,2722.04,3597.96,4175.34,4607.39,4559.73,4438.24,2873.72,2395.18,2555.44,3062.92,2800.29,2206.16,2677.27,3242.94,3102.36,,"Congo, Rep.",1.213541695,1.211285966,0.956649857
46,Costa Rica,CRI,GDP per capita (current US$),2108.75,1111.35,1071.94,1257.36,1421.16,1478.37,1611.32,1612.56,1598.04,1763.48,1880.75,2305.41,2684.09,2926.91,3110.15,3336.71,3277.61,3450.91,3653.15,3715.41,3941.14,4041.94,4122.83,4227.82,4483.59,4756.34,5309.27,6194.05,6993.9,6879.27,8268.86,9270.57,10107.45,10764.53,10853.64,11635.2,11986.92,12185.26,12428.92,12623.19,12117.61,12408.35,12483.08,12900.94,,Costa Rica,1.023993681,1.006021992,1.033474201
47,Cote d'Ivoire,CIV,GDP per capita (current US$),1736.22,1406.87,1215.25,1043.54,1012.12,993.889,1280.03,1355.59,1357.33,1248.33,1327.01,1240,1268.08,1142.98,835.236,1073.95,1152.48,1084.69,1137.46,1088.34,920.472,935.446,1009.64,1216.94,1282.22,1287.97,1308.58,1458.24,1697.05,1657.6,1650.96,1660.45,1686.73,1919.16,2115.19,1932.22,1971.62,2066.85,2265.29,2227.98,2279.02,2521.9,2574.09,2759.28,,Cote d'Ivoire,1.106573878,1.020691906,1.071943567
48,Croatia,HRV,GDP per capita (current US$),,,,,,,,,,,,,2572.62,2786.37,3809.89,4995.31,5217.74,5209.72,5594.8,5099.54,4938.11,5355.37,6228.62,8054.46,9368.62,10215.39,11356.45,13542.21,15839.94,14134.16,13562.42,14608.2,13257.02,13673.37,13600.79,11780.6,12362.59,13450.09,15013.37,14945.18,14131.44,16817.84,17337.82,19038.2,,Croatia,1.190100813,1.030918234,1.098073455
49,Cuba,CUB,GDP per capita (current US$),,,,,,,,,,,,,,,,,,,,,,,,,,,,,,,,,,,,,,,,,,,,,,Cuba,,,
50,Curacao,CUW,GDP per capita (current US$),,,,,,,,,,,,,,,,,,,,,,,,,,,,,,,,,,,,,,,,,,,,,,Curacao,,,
51,Cyprus,CYP,GDP per capita (current US$),4549.53,4352.45,4452.61,4399.17,4575.59,4824.61,6057.82,7188.12,8204.19,8635.65,10359.86,10413.59,12158.44,11342.26,12525.15,15396.72,15260.55,14323.92,15181.8,15379.84,14464.82,14905.02,16188.53,20389.34,23969.99,25527.25,27448.4,31774.43,36009.56,32649.92,31439.12,32819.47,28993.69,27602,26995.19,23428.72,24692.5,26580.49,29300.33,28487.98,27783.76,30846.48,30663.22,33029.72,,Cyprus,1.110234148,0.994058868,1.077177197
52,Czech Republic,CZE,GDP per capita (current US$),,,,,,,,,,,,,,,,5820.04,6529.04,6030.63,6484.2,6333.86,6015.07,6627.1,8056.32,9823.29,11751.9,13446.94,15284.67,18527.74,22925.75,19908.15,19983.58,21890.78,19880.9,20129.62,19915.38,17842.87,18597.21,20666.67,23463.6,23709.18,22941.9,26410.65,27609.19,29671.72,,Czech Republic,1.151196736,1.045381247,1.074704465
53,Denmark,DNK,GDP per capita (current US$),13886.37,12076.17,11801.27,11852.89,11561.77,12259.28,17215.43,21349.95,22528.11,21913.16,26920.58,27052.65,29622.47,27640.5,30050.88,35471.26,35732.69,32897.57,33426.97,33492.35,30798.72,30806.61,33275.56,40512.05,46571.28,48872.1,52121.25,58641.19,64531.12,58286.54,58177.16,61864.09,58623.41,61325.58,62729.5,53478.5,54862.85,57772.55,61724.49,59861.61,61153.92,67758.08,68094,71255.54,,Denmark,1.107992351,1.004957578,1.046429174
54,Djibouti,DJI,GDP per capita (current US$),,,,,,,,,,,,1304.12,1311.5,1243.73,1276.41,1256.89,1213.52,1201.18,1195.41,1222.45,1222.76,1235.66,1240.88,1270.62,1312.14,1358.03,1433.16,1536.89,1734.62,1741.3,1833.85,2011.15,2137.6,2235.73,2359.42,2532.6,2638,2930.67,3141.86,3437.16,3451.61,3580.75,3775,4077.63,,Djibouti,1.037415916,1.054249234,1.080164418
55,Dominica,DMA,GDP per capita (current US$),,1112.64,1217.57,1346.69,1495.27,1642.75,1864.89,2102.96,2377.9,2582.19,2819.55,3087.3,3287.85,3448.67,3713.11,3855.29,4104.42,4254.37,4526.68,4657.56,4681.18,4775.34,4680.26,4825.77,5165.22,5127.44,5497.25,5939.91,6463.44,6904,6980.94,7082.73,7046.82,7268.22,7571.48,7666.36,7997.39,7768.35,8118.96,8524.7,7415.08,7690.55,8575.29,9334.17,,Dominica,1.03715011,1.115041837,1.088497
56,Dominican Republic,DOM,GDP per capita (current US$),1534.32,1677.45,1545.1,1562.13,2397.6,1022.61,1212.35,1245.27,1113.84,1230.74,1123.24,1365.23,1573.69,1741.67,1916.44,2141.06,2309.92,2495.03,2658.54,2674.83,2894.3,3007.38,3158.39,2460.55,2540.85,4008.36,4188.72,4803.47,5194.8,5151.17,5688.75,6063.35,6274.87,6413.93,6805.66,7139.51,7521.27,7874.94,8340.96,8595.61,7553.51,8986.18,10259.34,10866.18,,Dominican Republic,1.189669066,1.141679954,1.059149924
57,Ecuador,ECU,GDP per capita (current US$),2097.14,2087.38,2026.38,1732.5,1794.73,2044.31,1461.92,1332.15,1234.67,1182.53,1173.13,1286.62,1375.71,1572.84,1858.32,1980.37,2037.13,2253.23,2257.86,1598.77,1461.84,1909.42,2180.39,2434.98,2700.12,3025.01,3351.48,3588.31,4267.47,4241.94,4633.25,5192.88,5664.89,6030.5,6347,6099.35,6046.3,6216.61,6318.48,6260.6,5670.33,5978.92,6412.35,6585.49,,Ecuador,1.054420995,1.07249409,1.027000393
58,"Egypt, Arab Rep.",EGY,GDP per capita (current US$),580.042,617.659,711.351,846.388,925.97,1049.33,1132.46,1585.22,1858.03,2266.44,1870.85,923.843,825.448,897.202,968.914,1098.09,1209.49,1327.41,1454.96,1518.2,1636.75,1566.2,1355.28,1252.4,1195.6,1331.36,1563.74,1862.16,2271.23,2578.88,2922.8,3077.34,3379.01,3404.34,3520.36,3731.18,3653.67,2484.54,2577.27,3056.98,3618.52,3925.83,4162.08,4218.54,,"Egypt, Arab Rep.",1.084929591,1.060177532,1.01356557
59,El Salvador,SLV,GDP per capita (current US$),827.158,721.104,706.494,672.516,488.784,471.502,469.937,472.147,543.469,611.47,914.131,983.18,1073.31,1216.7,1380.71,1585.11,1684.79,1778.84,1886.36,1930.62,2001.54,2072.3,2124.11,2209.5,2278.43,2428.57,2631.82,2786.16,2933.4,2858.48,2983.23,3266.01,3428.41,3509.53,3589.04,3705.58,3805.99,3910.26,4052.62,4167.44,3798.64,4345.44,4689.35,4894.31,,El Salvador,1.143946707,1.079143727,1.043706484
60,Equatorial Guinea,GNQ,GDP per capita (current US$),123.403,109.806,121.292,126.408,130.117,205.657,241.443,284.263,296.908,253.241,312.102,299.071,351.662,343.493,245.881,333.846,527.121,965.017,777.254,1250.99,1885.99,2616.49,3107.85,5424.13,8214.07,10810.45,12743.35,15782.69,22834.44,16596.74,17153.17,21480,21556.42,20252.75,19271.29,11217.99,9202.54,9624.53,9968.09,8394.42,7126.5,8745.19,10902.14,9685.37,,Equatorial Guinea,1.227136431,1.246644183,0.888391994
61,Eritrea,ERI,GDP per capita (current US$),,,,,,,,,,,,,268.192,167.084,195.44,219.091,263.808,270.574,283.919,274.584,238.508,245.162,227.498,258.933,315.55,300.697,321.219,340.334,301.238,415.601,501.424,642.502,693.804,596.754,786.54,603.193,655.424,557.857,580.845,566.731,587.449,630.572,701.15,744.879,,Eritrea,1.073407223,1.111926949,1.062367539
62,Estonia,EST,GDP per capita (current US$),,,,,,,,,,,,,,1192.82,1709.32,2717.9,3375.82,3682.09,4090.22,4155.13,4090.31,4519.54,5361.68,7218.91,8922.07,10420.44,12649.23,16762.29,18295.53,14839.88,14818.44,17644.04,17544.54,19179.84,20387.09,17531.06,18444.69,20430.57,23074.04,23400.47,23035.91,27282.09,27970.81,30160.48,,Estonia,1.184328487,1.025244365,1.078284191
63,Eswatini,SWZ,GDP per capita (current US$),1353.87,1390.76,1208.99,1207.84,999.523,762.131,936.249,1172.28,1332.88,1306.67,1552.21,1567.76,1699.81,1750.16,1859.52,2171.72,2012.45,2105.17,1914.24,1861.5,1818.67,1599.21,1473.72,2235.68,2797.02,3174.59,3262.22,3402.16,3214.49,3479.71,4263.91,4603.2,4628.25,4326,4133.03,3765.92,3513.8,4031.06,4225.91,4009.99,3526.66,4109.4,4035.54,4250.35,,Eswatini,1.165237647,0.98202729,1.053229803
64,Ethiopia,ETH,GDP per capita (current US$),215.178,215.599,220.557,237.661,217.423,246.507,247.981,256.699,257.56,262.233,269.082,287.651,293.35,176.465,151.965,142.808,154.564,147.254,129.859,121.551,128.621,123.892,116.452,120.601,138.282,164.937,198.696,244.495,326.82,351.341,324.285,361.829,493.321,535.264,613.101,702.767,790.82,829.313,852.011,968.253,994.197,995.67,1039.773,1129.521,,Ethiopia,1.001481598,1.044294796,1.086314994
65,Faroe Islands,FRO,GDP per capita (current US$),,,,,,,,,,,,,,,,,,,,,,,,,,,,,,,,,,,,,,,,,,,,,,Faroe Islands,,,
66,Fiji,FJI,GDP per capita (current US$),2056.07,2062.16,1941.77,1781.08,1828.86,1744.39,1954.09,1776.9,1672.49,1747.12,1959.19,2012.45,2208.96,2339.82,2590.93,2775.12,2975.91,2905.47,2282.25,2656.26,2286.99,2238.55,2467.53,3079.61,3601.62,3943.27,4041.49,4405.16,4535.43,3673.96,4004.67,4797.05,5017.72,5268.16,5611.19,5385.52,5620.61,6049.89,6272.73,6142.93,5084.44,5147.19,5685.26,6268.68,,Fiji,1.012342372,1.104536262,1.102620497
67,Finland,FIN,GDP per capita (current US$),11257.8,10990.45,11036.94,10545.06,10889.93,11488.75,14998.34,18632.08,22122.56,24040.64,28489.57,25646.58,22496.24,17661.59,20429.39,26347.51,25833.03,24759.98,26074.07,26241.8,24379.78,25001.18,27008.26,32961.92,37816.08,39147.22,41308.62,48590.2,53897.91,47541.75,46647,51263.57,47850.56,50006.02,50434.79,42867.09,43865.76,46437.21,50033.31,48716.22,49159.28,54007.75,53744.88,56772.05,,Finland,1.098627685,0.995132717,1.056324905
68,France,FRA,GDP per capita (current US$),13069.51,11456.04,10822.04,10292.76,9697.43,10108.56,13947.32,16793.96,18241,18236.77,22490.29,22406.39,24590.75,23082.72,24262.18,27741.29,27720.86,25028.47,25818.37,25550.78,23212.45,23245.26,25137.4,30682.64,35016.22,36057.12,37795.92,43060.03,47155.21,43190.97,42178.58,45419.97,42372.07,44144.62,44616.46,37937.86,38348.51,40053.62,43021.38,41989.67,40162.15,44852.6,44747.26,46893.42,,France,1.11678783,0.997651574,1.047961726
69,French Polynesia,PYF,GDP per capita (current US$),,,,,,,,,,,,,,,,,,,,,,,,,,,,,,,,,,,,,,,,,,,,,,French Polynesia,,,
70,Gabon,GAB,GDP per capita (current US$),6093.62,5376.62,4930.53,4619.02,4346.39,4478.47,5735.36,4245.96,4581.14,4899.23,6815.63,5993.32,6015.51,5677.62,4293.94,4956.84,5552.92,5068.09,4161.62,4222.73,4477.32,4065.93,4210.28,5015.6,5837.62,6942.7,7271.09,8652.15,10418.28,7856.85,8933.31,10893.46,9903.41,9760.75,9746.79,7453.11,7082.22,7370.35,8220.5,8111.34,7277.37,8975.82,10390.31,10273.66,,Gabon,1.233387506,1.157589906,0.988772717
71,"Gambia, The",GMB,GDP per capita (current US$),1007.79,907.551,827.984,800.7,552.842,645.904,484.263,623.605,695.347,701.786,790.827,801.579,830.589,840.415,804.334,815.289,826.192,818.814,815.332,811.257,766.199,737.063,631.566,581.319,642.755,665.721,662.362,780.379,924.514,833.282,860.639,762.761,742.78,700.515,607.429,649.511,683.998,676.656,729.035,768.921,755.415,812.482,843.846,885.448,,"Gambia, The",1.075543906,1.038602701,1.049300465
72,Georgia,GEO,GDP per capita (current US$),,,,,,,,,,,,,,,172.502,413.487,688.642,818.402,864.471,687.028,763.51,819.495,874.692,1034.71,1338.26,1682.66,2048.02,2700.59,3418.86,2890.88,3222.07,4003.47,4409.61,4622.97,4742.5,4017.62,4060.89,4358.59,4718.79,4693.66,4263.13,5014.16,5617.96,6286.07,,Georgia,1.176167387,1.120420019,1.118923354
73,Germany,DEU,GDP per capita (current US$),11109.74,9329.59,9014.98,9025.21,8537.77,8678.85,12387.01,15411.53,16514.65,16232.12,20249.14,23453.06,26538.04,25602.88,27233.63,31829.61,30664.39,27170.75,27528.16,26984.24,23924.88,23869.77,25460.33,30668.94,34534.81,35020.2,36894.47,42299.86,46367.72,42338.71,42379.84,46697.52,43883.39,46299.23,48035.95,41107.22,42124.32,44636.7,47995.38,46800.18,46215.6,50794.95,51103.98,54763.26,,Germany,1.099086702,1.006083853,1.071604624
74,Ghana,GHA,GDP per capita (current US$),3570.71,5637.65,6416.82,4218.44,1409.56,1223.26,1106.51,906.981,941.734,935.965,1056.16,1154.36,1114.48,883.346,792.681,914.593,948.536,945.095,1001.89,1011.73,606.325,630.333,714.162,858.799,970.473,1147.61,1315.82,1516.07,1677.39,1462.82,1745.56,2123.67,2184.41,2389.77,1962.66,1753.85,1941.46,2086.6,2275.77,2265.71,2225.51,2440.96,2303.29,2397.83,,Ghana,1.096812141,0.943599286,1.041045635
75,Greece,GRC,GDP per capita (current US$),5898.16,5376.98,5576.51,5008.02,4854.24,4791.75,5623.16,6522.42,7568.29,7812.78,9597.71,10196.17,11139.45,10363.63,11029.1,12887.89,13660.51,13370.35,13412.55,13784.36,12164.72,12473.29,14065.79,18378.28,21829.5,22417.64,24648.87,28656.23,31902.01,29577.64,26743.4,25437.01,21845.97,21679.67,21567.97,17997.4,17879.71,18578.29,19769.33,19147.46,17603.44,20255.86,20939.75,22162.42,,Greece,1.150676501,1.033762824,1.058389702
76,Greenland,GRL,GDP per capita (current US$),,,,,,,,,,,,,,,,,,,,,,,,,,,,,,,,,,,,,,,,,,,,,,Greenland,,,
77,Grenada,GRD,GDP per capita (current US$),1245.63,1276.37,1346.86,1372.67,1477.92,1678.07,1872.47,2162.53,2408.72,2757.89,2887,3117.89,3192.23,3153.82,3272.55,3411.97,3632.68,3861.4,4370.62,4705.79,5056.98,5041.02,5213.8,5682.71,5741.65,6644.22,6658.22,7213,7832.37,7290.82,7258.18,7291.74,7444.08,7789.62,8370.03,9096.54,9628.26,10152.83,10466.81,10608.38,9273.2,9856.43,10471.94,11146.78,,Grenada,1.06289447,1.062447135,1.064443175
78,Guam,GUM,GDP per capita (current US$),,,,,,,,,,,,,,,,,,,,,,,,,,,,,,,,,,,,,,,,,,,,,,Guam,,,
79,Guatemala,GTM,GDP per capita (current US$),1070.29,1140.22,1126.19,1139.96,1163.06,1338.72,705.756,796.958,841.77,946.757,808.88,966.003,1045.43,1110,1228.97,1348.88,1408.23,1559.65,1656.36,1527.24,1555.64,1654.98,1795.75,1847.27,1951.8,2151.72,2336.91,2556.73,2873.11,2654.06,2836.01,3172.05,3267.78,3397.54,3632.03,3825.88,3982.17,4233.01,4240.55,4371.27,4317.45,4673.63,4863.91,5027.16,,Guatemala,1.082498735,1.040712876,1.033564362
80,Guinea,GIN,GDP per capita (current US$),,,,,,,,,,,616.328,660.444,678.626,639.332,626.432,655.749,656.708,628.192,591.511,557.831,461.784,427.879,444.663,517.03,538.88,470.57,426.419,628.711,675.387,637.478,630.549,540.562,637.791,712.982,729.798,712.047,679.947,796.038,891.887,991.735,1094.96,1230.13,1427.8,1525.49,,Guinea,1.123450284,1.160686821,1.068422144
81,Guinea-Bissau,GNB,GDP per capita (current US$),370.185,463.692,516.549,570.682,388.702,559.368,534.912,444.504,406.033,478.384,571.817,787.213,843.597,636.881,344.118,725.815,676.103,628.438,517.661,496.411,327.943,338.362,374.5,435.072,447.804,482.181,467.998,543.408,672.251,613.569,644.344,775.206,688.497,711.927,712.826,707.897,748.089,864.141,866.451,810.558,812.391,878.334,872.978,930.22,,Guinea-Bissau,1.081171505,0.993902092,1.065570954
82,Guyana,GUY,GDP per capita (current US$),1101.86,1055.84,904.864,921.541,861.055,924.305,1053.7,982.258,1125.87,1146.24,950.968,1036.88,1145.78,1392.98,1626.9,1832.4,2048.53,2161.65,2035.86,2010.77,2017.2,2023.62,2092.96,2144.11,2233,2305.91,2551.77,2982.22,3329.64,3457.37,3837.3,4402.78,5360.28,5476.74,5402.7,5579.97,5796.82,6104.16,6120.54,6594.38,6952.7,9643.6,17107.52,20625.23,,Guyana,1.387028525,1.773977674,1.205623093
83,Haiti,HTI,GDP per capita (current US$),456.873,494.025,504.762,532.208,579.284,631.862,689.611,333.729,216.866,196.47,245.039,215.763,127.026,149.968,405.166,630.762,639.086,721.54,790.273,866.152,811.111,733.909,698.232,566.354,663.841,766.919,791.667,981.079,1076.97,1150.29,1171.39,1287.94,1337.34,1394.11,1401.9,1388.96,1266.77,1337.16,1441.86,1277.21,1235.48,1765.24,1671.51,1733.41,,Haiti,1.428795056,0.946902464,1.037030545
84,Honduras,HND,GDP per capita (current US$),955.25,1017.07,1015.88,1044.2,1092.45,1161.92,1180.46,1249.59,1351.37,1467.03,841.249,822.855,891.443,888.614,845.738,948.437,888.005,948.716,1023.4,1003.07,1080.47,1120.55,1122.06,1145.5,1204.48,1296.7,1420.13,1572.07,1727.83,1777.27,1891.16,2081.26,2144.14,2102.31,2205.9,2302.04,2341.66,2451.94,2506.62,2567.97,2396.69,2789.58,2925.45,3022.51,,Honduras,1.163931991,1.048704054,1.033177494
85,"Hong Kong SAR, China",HKG,GDP per capita (current US$),5664.01,5953.18,6096.01,5551,6127.28,6444.91,7328.42,8980.83,10453.71,11928.48,13280.62,15190.41,17586.44,19925.12,22038.53,22908.93,24698.96,27214.6,25649.09,24969.01,25574.49,25166.9,24731.08,23856.48,24873.9,26551.77,28028.16,30494.55,31487.94,30593.99,32421.36,34955.15,36623.75,38233.35,40185.3,42325.35,43491.31,46032.29,48313.14,48268.22,46437.74,49727.4,49849.84,52654.12,,"Hong Kong SAR, China",1.070840072,1.002462345,1.056254543
86,Hungary,HUN,GDP per capita (current US$),2151.47,2207.13,2249.98,2046.4,1989.9,2022.96,2338.8,2582.85,2838.56,2909.7,3312.34,3350.24,3733.45,3871.07,4170.57,4491.22,4520.76,4591.49,4738.02,4786.25,4619.29,5269.61,6644.61,8410.77,10275.77,11188.45,11469.41,13904.83,15742.79,13035.62,13173.21,14195.85,12935.51,13665.53,14251.8,12690.17,13069.23,14590.9,16407.35,16729.13,15948.41,18968.39,20335.82,22569.52,,Hungary,1.18935928,1.07208966,1.109840725
87,Iceland,ISL,GDP per capita (current US$),15133.1,15454.71,14008.88,11865.27,12139.43,12517.15,16585.86,22795.64,24840.13,22646.59,25651.42,27183.02,27383.23,23749.38,24142.7,26711.55,27914.45,28048.85,31219.8,32577.64,32344.36,29061.34,32516.44,39620.41,47579.94,57405.56,58238.89,70375.33,57296.25,41188.91,43293.02,47798.81,46159.8,50100.08,54864.16,53227.63,62530.42,73085.13,75382.6,69631.27,59386.9,69033.31,74417.39,77574.34,,Iceland,1.162433365,1.077992359,1.042422305
88,India,IND,GDP per capita (current US$),271.031,274.726,277.965,296.291,281.099,302.945,315.161,346.171,357.799,352.182,374.002,308.37,322.512,306.44,352.172,380.321,406.968,422.809,420.573,449.725,451.114,459.473,479.063,556.326,638.787,726.918,814.353,1046.9,1019.51,1121.25,1384.17,1458.11,1443.88,1449.61,1573.88,1605.61,1732.05,1980.69,1996.95,2098.93,1935.04,2185.32,2342.26,2526.5,,India,1.129338412,1.071819394,1.078658545
89,Indonesia,IDN,GDP per capita (current US$),673.239,736.992,741.946,659.474,672.201,658.217,610.234,562.902,621.934,696.874,770.757,847.573,907.767,1013.06,1115.61,1254.02,1394.5,1308.11,572.09,829.574,870.154,834.139,1002.91,1186.85,1280.7,1403.88,1764.79,2064.23,2418.04,2464.96,3178.13,3688.53,3744.53,3684,3533.61,3367.69,3605.72,3885.47,3947.25,4196.3,3922.6,4356.56,4690.75,5085.02,,Indonesia,1.110629572,1.076709376,1.084051822
90,"Iran, Islamic Rep.",IRN,GDP per capita (current US$),2741.02,2740.5,3020.64,3709.15,3774.63,3788.88,4257.54,5602.03,5931.25,6955.85,10797.11,5357.88,884.443,1137.1,1413.21,1990.36,2694.67,3042.98,3312.42,4332.75,5648.12,4842.26,1947.97,2256.51,2744.11,3239.14,3765.88,4905.24,5612.15,5656.19,6564.06,7719.43,5159.2,5199.85,5519.14,4844.5,5195.91,5471.79,5543.9,6980.74,11148.8,16783.82,20261.01,20563.24,,"Iran, Islamic Rep.",1.505436638,1.207175365,1.014916879
91,Iraq,IRQ,GDP per capita (current US$),,,,,,,,,,,,,,,,,,,,,,,,608.655,1373.74,1828.74,2321.26,3090.85,4472.12,3701.86,4473.71,5848.54,6692.58,7021.41,6704.31,5044.62,4637,5178.92,5950.83,5981.1,4223.22,5088.12,7038.24,6907.6,,Iraq,1.204795727,1.383271015,0.981438263
92,Ireland,IRL,GDP per capita (current US$),6239.07,5874,6065.37,5827.56,5580.06,5922.08,7976.36,9399.72,10343.51,10732.02,13616.12,13719.31,15299.68,14232.83,15422.88,19046.7,20737.73,22421.4,24233.56,26237.95,26155.85,28112.96,32489.48,40904.98,47455.98,50464.03,53753.66,60811.37,61095.49,52094.22,48758.01,51891.99,48901.98,51454.99,55467.43,61951.73,62696.32,69486.55,78837.74,80632.33,85229.9,99013.38,101509.49,109551.76,,Ireland,1.161721158,1.025209856,1.07922676
93,Isle of Man,IMN,GDP per capita (current US$),,,,,,,,,,,,,,,,,,,,,,,,,,,,,,,,,,,,,,,,,,,,,,Isle of Man,,,
94,Israel,ISR,GDP per capita (current US$),6104.58,6422.2,6761.52,7384.01,6901.3,6302.27,7639.83,8978.54,10940.03,10942.72,12519.02,13372.17,14425.81,14125.34,15718.91,18177.69,19435.72,19743.79,19474.31,19186.75,21111.48,20362.31,18489.26,19041.23,19942.1,20595.21,21861.16,24953.13,29608.79,27732.71,30705.4,33622.58,32523.87,36332.09,37755.12,35828.17,37293.84,40790.93,42079.34,43965.66,44181.17,51416.02,54688.3,56595.71,,Israel,1.163754249,1.063643216,1.034877732
95,Italy,ITA,GDP per capita (current US$),8548.18,7739.54,7642.78,7925.74,7830.36,8082.89,11446.01,14366.8,15913.07,16538.74,20624.44,21766.81,23085.99,18548.32,19124.22,20675.32,23094.4,21858.43,22348.03,22029.7,20153.07,20505.91,22384.06,27573.81,31335.76,32020.21,33432.32,37809.3,40796.37,36964.97,35805.44,38273.82,34707.44,35398.21,35578.68,30213.1,30932.78,32648.76,34921.01,33521.34,31707.08,35472.83,34777.09,36678.15,,Italy,1.118766987,0.980386623,1.054664063
96,Jamaica,JAM,GDP per capita (current US$),1214.38,1310.5,1479.51,1289.23,948,878.359,1034.77,1158.6,1372.73,1588.56,1971.7,1799.77,1804.41,2249.32,2234.8,2660.15,2975.13,3347.37,3467.54,3473.44,3510.58,3529.71,3709.57,3586.44,3855.67,4241.4,4494.63,4829.3,5134.25,4507.19,4894.37,5332.52,5448.46,5238.15,5105.51,5204.83,5183.46,5413.03,5729.76,5781.79,5102.76,5525.3,5730.4,5901.37,,Jamaica,1.082806527,1.037118863,1.029835455
97,Japan,JPN,GDP per capita (current US$),9659,10574.37,9772.81,10636.46,11205.35,11815.8,17466.67,21177.79,25575.1,25336.2,25895.96,29511.78,32069.07,36425.22,39953.2,44210.24,39164.32,35651.27,32436.92,36622.89,39172.96,34410.68,32832.3,35410.22,38307.1,37819.1,36021.9,35847.23,39992.06,41469.77,45135.8,48760.91,49175.05,40934.76,38522.77,35005.66,39411.42,38903.3,39818.8,40689.79,40048.93,39339.84,39243.37,42459.4,,Japan,0.982294308,0.997547905,1.081950809
98,Jordan,JOR,GDP per capita (current US$),1697.14,1838.68,1886.93,1902.7,1843.99,1780.84,2193.07,2225.63,2005.01,1291.65,1204.99,1193.76,1395.29,1361.59,1453.79,1499.56,1514.85,1546.36,1655.73,1675.7,1709.66,1782.11,1868.86,1948.19,2125.81,2271.86,2616.51,2849.05,3489.79,3597.34,3777.82,3897.61,3963.59,4100.94,4188.72,4218.83,4224.8,4273.91,4341.04,4425.69,4288.81,4416.63,4635.07,4893.25,,Jordan,1.029804806,1.049458728,1.055700525
99,Kazakhstan,KAZ,GDP per capita (current US$),,,,,,,,,,,,,168.645,304.849,751.98,1061.48,1358.8,1459.42,1480.09,1132.12,1230.49,1491.65,1657.16,2062.29,2862.5,3753.44,5261.03,6733.45,8349.29,7116.37,9005.04,11552.57,12300.18,13789.17,12713.56,10435.17,7662.01,9186.71,9749.07,9750.43,9062.96,9976.9,10003.12,11540.07,,Kazakhstan,1.100844117,1.002627569,1.153647477
100,Kenya,KEN,GDP per capita (current US$),642.425,583.33,541.934,483.997,485.547,467.701,538.202,569.354,570.355,546.95,553.621,506.664,484.072,326.53,379.917,468.385,515.795,508.98,566.155,500.113,479.199,479.748,474.715,524.883,549.056,621.342,744.251,895.2,978.062,982.018,1036.26,1054.97,1248.07,1331.52,1451.57,1483.48,1561.86,1805.38,1983.37,2110.46,2079.96,2204.72,2251.98,2288.16,,Kenya,1.059984355,1.021433975,1.016065418
101,Kiribati,KIR,GDP per capita (current US$),720.463,739.991,656.088,630.233,675.191,500.804,479.561,530.358,652.243,630.112,594.756,645.746,646.914,623.58,716.416,721.087,847.061,839.086,805.03,832.622,802.478,732.872,824.831,1016.38,1128.37,1212.13,1166.44,1376.28,1456.91,1332.07,1518.57,1741.14,1798.26,1731.38,1655.86,1556.5,1598.89,1656.63,1748.65,1695.3,1519.52,1705.81,1745.09,1849.2,,Kiribati,1.122597348,1.023030728,1.059655812
102,"Korea, Dem. People’s Rep.",PRK,GDP per capita (current US$),,,,,,,,,,,,,,,,,,,,,,,,,,,,,,,,,,,,,,,,,,,,,,"Korea, Dem. People’s Rep.",,,
103,"Korea, Rep.",KOR,GDP per capita (current US$),1714.62,1883.46,1992.29,2198.94,2413.29,2482.4,2834.89,3554.62,4748.68,5817.07,6609.99,7637.2,8126.45,8886.39,10381.18,12565.03,13402.93,12416.75,8271.41,10666.86,12263.47,11563.04,13159.68,14672.42,16482.75,19398.49,21730.95,24083.34,21387.71,19139.73,23077.16,25100.19,25459.17,27179.52,29252.93,28737.44,29274.23,31600.74,33433.17,31936.8,31638.46,34801.09,34994.2,37272.41,,"Korea, Rep.",1.099961613,1.005549051,1.065102419
104,Kosovo,XKX,GDP per capita (current US$),,,,,,,,,,,,,,,,,,,,,1421.34,1704.51,1781.06,2178.61,2220.74,2264.21,2340.25,2792.69,3320.6,3244.92,3290.46,3764.22,3582.01,3885.73,4098.92,3637.44,3766.22,4027.29,4425.86,4462.72,4318.82,5031.05,5355.29,5809.5,,Kosovo,1.164911944,1.064448241,1.084815622
105,Kuwait,KWT,GDP per capita (current US$),20966.18,17631.85,14417.54,12973.99,13410.42,12670.69,9653.47,10956.48,9640.41,11359.51,8588.15,7960.51,13989.93,16213.49,13549.78,13871.99,15068.13,13740.68,11424.92,13358.13,17012.78,15108.11,15759.07,18786.75,21585.56,27014.77,31907.2,33732.52,42827.13,30414.74,32216.41,41657.44,45726.19,44754.34,40278.05,27398.08,25267.15,27193.9,29903.56,28513.43,22683.64,28578.76,38755.06,36904.52,,Kuwait,1.259884151,1.356079285,0.952250363
106,Kyrgyz Republic,KGZ,GDP per capita (current US$),,,,,,,,,,,,,207.976,148.155,245.851,329.934,396.495,379.056,344.404,258.467,280.635,309.913,323.343,382.888,436.496,478.77,546.621,725.487,971.678,876.933,884.846,1131.47,1189.52,1295.23,1292.62,1132.84,1131.84,1254.51,1321.95,1388.65,1195.72,1282.98,1327.01,1372.24,,Kyrgyz Republic,1.072973423,1.034318566,1.03408643
107,Lao PDR,LAO,GDP per capita (current US$),596.195,341.872,334.404,596.411,831.389,1017.41,691.925,473.878,300.081,360.325,414.26,474.15,528.182,578.466,654.368,741.536,753.989,696.053,259.296,270.225,323.04,324.75,335.686,405.111,467.758,530.059,669.723,800.103,983.764,1045.89,1200.87,1412.04,1581.9,1830.51,1997.99,2130.63,2323.36,2452.86,2567.55,2618.18,2546.1,2514.03,2318.82,2373.97,,Lao PDR,0.987401924,0.922353658,1.023784059
108,Latvia,LVA,GDP per capita (current US$),,,,,,,,,,,,,632.625,1021.78,1724.21,2162.49,2417.08,2667.91,2958.62,3137.09,3339.15,3549,4115.58,5111.94,6327.98,7550.18,9666.81,14057.16,16390.27,12199.67,11276.11,13809.19,13862.39,15041.85,15678.08,13722.08,14253.04,15613.44,17799.83,17739.47,17622.78,20581.12,21311.15,22871.58,,Latvia,1.167870601,1.035470564,1.073221543
109,Lebanon,LBN,GDP per capita (current US$),1552.34,1480.7,1005.27,1376.83,1617.75,1344.15,1044.34,1219.36,1217.43,983.33,998.859,1502.9,1778.33,2289.65,2640.2,3108.27,3550.66,4245.09,4617.2,4580.9,4427.25,4348.56,4502.71,4438.93,4629.25,4575.11,4626.85,5207.79,6111.33,7354.95,7761.64,7675.31,7952.15,7933.23,7687.93,7644.55,7626.3,7792.6,8012.54,7668.34,4002.74,4002.74,4002.74,4002.74,,Lebanon,1,1,1
110,Lesotho,LSO,GDP per capita (current US$),340.852,337.16,273.569,293.235,267.36,208.686,233.93,291.915,322.488,325.872,382.327,427.81,477.277,465.397,480.692,514.122,490.549,516.861,475.868,466.514,453.282,374.971,410.133,592.302,738.561,791.265,809.56,930.798,868.532,1011.42,1222.2,1324.61,1261.44,1191.99,1250.63,1106.83,1105.77,1166.07,1140.52,1087.59,999.345,1180.51,1212.57,1270.67,,Lesotho,1.181283741,1.027158601,1.047911421
111,Liberia,LBR,GDP per capita (current US$),,,,,,,,,,,,,,,,,,,,,325.719,330.045,335.856,249.207,306.535,315.775,357.683,416.785,497.74,504.698,543.365,625.629,695.17,772.63,765.36,746.238,767.874,763.108,731.317,672.882,647.089,723.785,776.35,804.102,,Liberia,1.118524654,1.072625158,1.035746764
112,Libya,LBY,GDP per capita (current US$),13031.83,10762.56,10247.11,9371.01,8411.48,8319.67,6524.78,5815.61,5795.81,5881.53,7193.54,7776.95,7703.53,6780.86,6192.59,6882.21,7372.45,7424.95,5980.04,7067.88,7388.14,6485.16,3833.57,4831.42,5988.39,8467.72,9659.64,11711.14,12570.87,8524.77,11417.42,5402.25,12693.64,8282.15,3876.41,2723.37,2907.46,4685.07,6361.58,6004.47,2891.46,4821.51,7196.79,6602.85,,Libya,1.667498311,1.492643795,0.917471585
113,Liechtenstein,LIE,GDP per capita (current US$),,,,,,,,,,,,,,,,,,,,,,,,,,,,,,,,,,,,,,,,,,,,,,Liechtenstein,,,
114,Lithuania,LTU,GDP per capita (current US$),,,,,,,,,,,,,,,,1845.1,2327.5,2830.27,3166.72,3113.27,3293.31,3525.85,4140.73,5499.48,6699.37,7860.18,9236.62,12305.92,15017.56,11848.2,12009.03,14393.27,14376,15734.38,16577.33,14265.41,15004.19,16879.45,19184.84,19557.39,20216.06,23472.87,25015.37,27241.47,,Lithuania,1.16110011,1.06571443,1.088989282
115,Luxembourg,LUX,GDP per capita (current US$),17738.61,15251.87,12514.72,12284.43,12033.02,12444.2,18023.02,22239.62,24976.67,26333.59,33201.39,35490.27,39219.91,39643.66,43483.05,50911.34,49921.11,44382.36,45822.19,49541.93,49183.43,48498.77,53399.45,66061.09,76343.55,81048.07,90499.47,107014.12,115898.76,104393.46,106177.04,117366.28,108050.47,114996.48,120449.74,102625.13,105364.22,108621.94,117859.72,115838.95,117063.47,136701.4,135045.82,140684.47,,Luxembourg,1.167754498,0.987889114,1.041753591
116,"Macao SAR, China",MAC,GDP per capita (current US$),,,,,,,,,,,,,,,,,,,,,,15723.75,16733.98,18461.84,23005.59,25109.97,28970.43,34268.7,38286.23,39822.35,51135.16,66111.72,74209.14,84833.69,86298.09,69666.75,69910.52,77257.33,82862.88,81156.61,37455.87,43771.84,50577.67,63292.72,,"Macao SAR, China",1.168624357,1.155484204,1.251396426
117,Madagascar,MDG,GDP per capita (current US$),594.73,529.787,518.939,495.274,402.08,380.975,423.6,304.151,293.209,283.399,338.948,272.525,301.997,320.564,269.561,284.823,354.742,297.115,297.254,279.921,293.607,334.442,319.216,368.797,284.488,319.537,338.751,438.655,536.352,467.54,471.959,531.266,518.155,541.069,530.863,467.235,476.226,515.935,518.489,512.176,457.487,501.615,504.308,511.451,,Madagascar,1.096457386,1.005368659,1.014163963
118,Malawi,MWI,GDP per capita (current US$),326.983,318.032,295.582,298.052,284.324,254.768,251.755,232.783,251.93,272.96,298.716,371.869,300.049,343.226,197.546,227.197,363.682,414.359,264.97,261.557,250.462,240.396,272.824,245.144,259.727,267.785,284.729,306.9,358.416,405.62,442.765,493.843,359.588,317.471,343.979,353.507,294.756,466.559,501.113,543.685,567.59,567,545.065,498.276,,Malawi,0.998960517,0.961313933,0.914158862
119,Malaysia,MYS,GDP per capita (current US$),1926.96,1920.13,2006.48,2189.55,2419.5,2154.46,1864.03,2070.01,2213.87,2380.51,2585.82,2885.31,3378.72,3716.95,4027.51,4678.02,5175.56,5011.56,3519.77,3762.77,4347.73,4189.05,4441.82,4740.32,5244.87,5678.35,6351.18,7480.94,8759.52,7544.11,9046.99,10397.92,10806.84,10851.66,11165.26,9663.11,9523.3,9965.12,11079.79,11231.41,10351.08,11399.12,13268.34,14375.98,,Malaysia,1.101249309,1.163978931,1.083479854
120,Maldives,MDV,GDP per capita (current US$),412.508,464.914,534.906,560.243,646.388,737.78,835.636,769.824,897.934,987.814,1091.55,1184.66,1343.01,1479.45,1591.14,1903.13,2107.61,2553.95,2658.8,2842.66,2967.25,2780.45,2952.22,3690.79,4238.04,3960.43,5268.79,6128.48,7337.95,7450.81,8086.7,8078.31,8719.58,9766.24,10787.47,11781.03,12348.71,13201.45,14476.59,15148.8,9882.74,13189.64,14078.42,15374.81,,Maldives,1.33461368,1.067384725,1.092083655
121,Mali,MLI,GDP per capita (current US$),286.454,234.094,202.848,191.946,187.734,185.325,252.941,290.159,287.28,345.974,388.428,388.675,390.518,379.876,283.342,357.517,356.398,326.082,329.648,332.428,278.381,316.848,346.478,405.693,454.971,505.371,540.589,617.829,720.606,724.186,733.666,863.348,802.465,828.742,873.51,773.945,804.081,854.975,922.549,905.821,863.784,919.942,896.59,957.55,,Mali,1.065013939,0.974610356,1.067995784
122,Malta,MLT,GDP per capita (current US$),,,,,,,,,,,,,,,,8978.86,9107.64,9147.98,9621.95,9983.88,10482,10447.79,11346.46,13730.31,15260.89,15930.14,16818.01,19696.18,22378.18,21223.68,21842.07,23222.39,22674.79,24972.68,27080.1,25228.18,25972.39,29340.93,32237.26,31865.84,28966.25,33329.12,33094.28,35485.83,,Malta,1.150619014,0.992953909,1.072264879
123,Marshall Islands,MHL,GDP per capita (current US$),,,,,,,,,,,,,,,,,,2257.33,2276.74,2269.42,2237.18,2416.08,2651.49,2619.05,2625.82,2668.17,2749.07,2864.64,2894.23,2864.63,3030.39,3239.11,3383.56,3451.21,3388.38,3406.48,3720.62,3898.58,4061.68,4292.88,4412.99,4463.23,4755.73,5015.03,,Marshall Islands,1.011384113,1.065535722,1.054523689
124,Mauritania,MRT,GDP per capita (current US$),,,,,,,,,,,898.741,1002.02,1026.9,852.513,872.712,912.587,904.326,854.319,812.206,773.412,673.361,641.849,634.588,711.709,796.923,963.498,1357.43,1425.47,1647.29,1475.59,1715.92,2012.83,1946.08,2072.49,1826.78,1668.07,1690.81,1758.55,1851.73,1943.8,1955.5,2153.33,2141.06,2190.8,,Mauritania,1.101164868,0.994302775,1.023231006
125,Mauritius,MUS,GDP per capita (current US$),1268.11,1186.58,1124.4,1179.73,1080.41,1085.14,1454.12,1827.43,2104.55,2146.05,2555.86,2781.63,3091.41,3148.8,3446.31,3902.22,3993.48,3703.63,3701.87,3859.15,4102.59,4026.94,4196.43,5005.42,5626,5516.2,5695.98,6574.66,8030.05,7318.13,8000.38,9197.04,9291.24,9637.02,10151.73,9258.56,9681.42,10485.01,11205.9,11088.78,8618.64,8744.34,8892.11,9899.55,,Mauritius,1.014584314,1.016898359,1.113296908
126,Mexico,MEX,GDP per capita (current US$),3383.69,4238.76,3002.23,2390.4,2755.01,2859.22,1937.36,2080.4,2493.82,2979.92,3450.2,4059.99,4624.01,5636.36,5841.02,3920.74,4405.11,5283.08,5477.93,6157.25,7166.14,7558.98,7607.44,7088.46,7501.91,8303.99,9102.51,9680.43,10053.74,8029.3,9299.46,10232.41,10271.41,10758.98,10967.11,9657.12,8788.59,9342.92,9753.67,10028.87,8506.91,10039.58,10165.67,10513.79,,Mexico,1.18016732,1.012559196,1.034245079
127,"Micronesia, Fed. Sts.",FSM,GDP per capita (current US$),,,,,,,,,,,,,,,,2094.48,2060.87,1944.21,2054.62,2061.64,2179.42,2257.32,2277.95,2311.65,2268.9,2370.44,2413.78,2457.38,2531.36,2711.06,2887.35,3021.69,3170.96,3068.37,3082.9,3050.72,3197.21,3522.11,3854.14,3952.28,3935.56,3880.49,4066.45,4296.82,,"Micronesia, Fed. Sts.",0.98600707,1.047922826,1.056651091
128,Moldova,MDA,GDP per capita (current US$),,,,,,,,,,,,,290.058,373.927,389.592,485.354,572.302,653.525,575.974,398.41,448.062,505.784,569.109,680.272,894.061,1031.42,1179.32,1526.38,2102.94,1890.65,2428.11,2930.06,3031.13,3307.35,3314.55,2715.78,2857.88,3478.52,4196.16,4464.12,4377.54,5284.91,5435.45,5510.27,,Moldova,1.207277509,1.028484507,1.013765936
129,Monaco,MCO,GDP per capita (current US$),,,,,,,,,,,,,,,,,,,,,,,,,,,,,,,,,,,,,,,,,,,,,,Monaco,,,
130,Mongolia,MNG,GDP per capita (current US$),,,,,,,,,,,1506.24,1548.55,844.161,411.791,489.98,756.761,692.473,598.398,562.12,520.775,553.097,610.325,662.699,747.092,919.767,989.177,1321.61,1616.14,2109.27,1687.55,2602.37,3702.36,4281.33,4293.83,4081.02,3842.54,3576.82,3595.38,4056.73,4245.46,3965.1,4417.6,5205.96,5952.34,,Mongolia,1.114121798,1.178458625,1.143369523
131,Montenegro,MNE,GDP per capita (current US$),,,,,,,,,,,,,,,,,,,,,1596.63,1893.72,2081.05,2745.76,3379.64,3679.83,4429.8,5985.43,7396.67,6746.38,6694.17,7327.25,6590.58,7189.05,7389.89,6517.42,7031.53,7800.27,8854.78,8911.27,7688.55,9350.23,9673.5,10729.24,,Montenegro,1.216123745,1.034573599,1.109137563
132,Morocco,MAR,GDP per capita (current US$),1132.09,895.782,881.181,778.036,695.127,685.329,884.05,952.577,1102.83,1109.29,1248.81,1310.61,1343.36,1239.05,1369.64,1479.28,1612.85,1442.43,1519.17,1492.18,1373.92,1376.53,1453.94,1768.6,1999.13,2063.31,2242.73,2549.88,2946.93,2922.59,2896.56,3111.54,2979.74,3200.48,3259.72,2964.96,2995.68,3147.1,3353.1,3368.39,3191.05,3620.32,3628.64,3861.67,,Morocco,1.134524228,1.002298692,1.064219635
133,Mozambique,MOZ,GDP per capita (current US$),380.089,288.2,287.662,252.441,258.813,338.551,395.831,179.063,157.663,164.179,260.104,266.627,180.033,178.025,184.324,185.169,252.887,294.176,324.179,333.087,294.943,282.673,291.215,314.694,371.304,405.139,427.955,471.128,549.706,518.466,469.47,574.873,631.76,641.085,647.499,570.129,415.18,461.415,503.302,506.817,448.844,500.7,546.718,573.492,,Mozambique,1.115532345,1.09190733,1.048972231
134,Myanmar,MMR,GDP per capita (current US$),,,,,,,,,,,,,,,,,,,116.223,143.154,169.697,154.588,148.549,189.041,227.347,254.757,283.701,370.544,525.195,632.23,774.72,1088.75,1182.15,1210.22,1244.18,1223.74,1163.79,1177.08,1271.68,1302.28,1527.43,1216.81,1285.34,1356.74,,Myanmar,0.796637367,1.056316881,1.055553481
135,Namibia,NAM,GDP per capita (current US$),,,,,,,,,,,2109.53,2034.92,2071,1922.82,2100.28,2197.59,2126.35,2143.73,1837.31,1874.47,2139.71,1939.79,1811.25,2607.86,3440.97,3708.79,4007.73,4378.56,4198.55,4340.18,5410.98,5870.93,6038.86,5540.62,5555.93,5020.47,4611.51,5438.76,5665.86,5109.12,4239.89,4842.23,5016.17,5376.17,,Namibia,1.142064771,1.035922506,1.071767048
136,Nepal,NPL,GDP per capita (current US$),150.674,172.192,170.029,181.747,187.859,190.716,202.94,205.932,237.472,234.553,235.483,251.038,222.006,232.004,235.992,249.856,251.546,267.454,260.462,262.752,273.639,276.596,276.295,288.424,327.131,363.231,396.623,447.379,537.813,546.64,677.187,803.709,804.12,823.287,844.466,901.75,899.6,1048.45,1178.53,1200.97,1166.3,1164,1203.09,1270.31,,Nepal,0.998026232,1.033582618,1.055877182
137,Netherlands,NLD,GDP per capita (current US$),13750.49,11429.73,11013.57,10682.31,9904.97,10008.04,13875.19,16895.4,17956.11,17597.26,21581.58,22057.79,24191.96,23356.33,24935.53,29350.8,29084.07,26808.39,28018.71,28393.85,26327.86,26996.17,29401.97,35814.27,40477.3,42054.88,44936.01,51880.38,58015.4,52807.45,51165.82,54342.11,50175.56,52276.99,53026.48,45302.8,46165.18,48799.87,53224.69,52672.5,52456.09,58292.4,57835.73,61039.2,,Netherlands,1.111260724,0.992165839,1.055389139
138,New Caledonia,NCL,GDP per capita (current US$),,,,,,,,,,,,,,,,,,,,,,,,,,,,,,,,,,,,,,,,,,,,,,New Caledonia,,,
139,New Zealand,NZL,GDP per capita (current US$),7245.14,7501.28,7368.78,7062.61,6959,6941.82,8371.49,11186.79,13640.35,13090.73,13440.27,12428.11,11753.5,12535.46,14599.47,16925.16,18495.95,18212.11,14879.77,15335.94,14025.06,13663.72,15703.17,20475.37,24843.27,27370.86,26209.99,31904.89,31759.69,28282.95,33376.46,38060.42,39686.19,42075.44,44281.55,38195.64,39428.05,42334.7,42839.82,42210.23,41427.86,48424.15,49847.31,52969.17,,New Zealand,1.168878737,1.029389428,1.062628581
140,Nicaragua,NIC,GDP per capita (current US$),,,,,,,,,,,,,,,898.199,935.34,947.14,940.143,973.071,999.413,1030.74,1054.66,1011.9,1010.23,1077.78,1152.8,1224.72,1326.66,1498.88,1444.94,1506.07,1629.97,1734.79,1790.43,1916.77,2036.93,2099.59,2156.15,2016.16,1934.14,1942.64,2177.48,2384,2510.88,,Nicaragua,1.120886011,1.094845505,1.053221432
141,Niger,NER,GDP per capita (current US$),609.433,510.028,458.113,395.659,310.002,295.81,378.695,430.394,426.027,394.734,435.341,394.9,393.718,343.177,211.016,241.954,243.965,224.475,250.234,231.66,197.275,207.769,227.424,267.409,285.388,320.923,335.334,389.256,477.27,462.267,476.062,511.488,528.918,551.554,562.885,484.171,497.882,517.771,572.564,553.905,568.348,595.235,598.851,639.281,,Niger,1.047307284,1.006074912,1.06751262
142,Nigeria,NGA,GDP per capita (current US$),,,,,,,,,,,652.915,615.663,521.905,553.126,760.992,1224.94,1560.38,1655.82,1802.59,481.951,554.64,583.187,730.836,780.399,963.236,1221.65,1563.03,1791.82,2197.78,1927.48,2328.43,2543.5,2756.41,2998.07,3222.69,2718.59,2176,1968.56,2153.09,2229.85,2083.16,2088.64,2355.69,2611.02,,Nigeria,1.002631576,1.127855202,1.108387443
143,North Macedonia,MKD,GDP per capita (current US$),,,,,,,,,,,,,1263.86,1383.54,1824.42,2387.16,2348.11,1980.43,1888.76,1931.99,1878.24,1839.62,1974.06,2440.81,2796.62,3071.9,3359.61,4076.3,4838.15,4579.09,4576.23,5097.26,4728.37,5239.65,5498.61,4860.42,5152.97,5462.38,6111.19,6044.44,5867.16,6713.67,6862.72,7514.55,,North Macedonia,1.144279589,1.022201128,1.094981158
144,Northern Mariana Islands,MNP,GDP per capita (current US$),,,,,,,,,,,,,,,,,,,,,,,,,,,,,,,,,,,,,,,,,,,,,,Northern Mariana Islands,,,
145,Norway,NOR,GDP per capita (current US$),15746.26,15484.68,15196.29,14906.17,14968.79,15728.22,18853.07,22445.04,24143.12,24245.45,28187.18,28514.5,30432.89,27880.63,29236.38,34790,37225.29,36561.41,34717.06,36278.34,38047.95,38494.69,42997.96,50046.34,57512.22,66687.76,73970.24,84915.64,96563.22,79746.89,87356.19,100197.17,101129.91,102576.68,96657.58,74115.16,70223.82,75306.67,82082.12,75700.22,67265.89,89089.98,99480.86,100309.89,,Norway,1.324445015,1.116633512,1.008333644
146,Oman,OMN,GDP per capita (current US$),4674.11,5251.75,5510.96,5363.89,5517.39,6129.2,4548.85,4488.92,4362.95,4605.01,6340.52,5937.75,6292.66,6102.67,6116.03,6355.28,6864.96,6965.2,6037.75,6605.92,8120.72,7961.21,8108.72,8565.26,9635.83,11873.18,13938.21,15436.81,21866.27,16784.91,19027.78,20641.47,21149.65,20435.85,20308.46,16570.74,14834.59,15482.13,17338.96,16529.39,16209.53,18298.72,23416.49,22715.71,,Oman,1.128886472,1.27967932,0.970073227
147,Pakistan,PAK,GDP per capita (current US$),384.902,442.247,469.517,426.125,450.053,438.018,436.749,444.693,499.054,507.269,494.774,549.918,564.456,582.256,572.263,652.368,664.776,639.935,622.117,575.697,582.942,553.176,546.605,612.898,705.39,772.293,883.483,963.509,1030.76,993.725,1029.17,1216.75,1247.1,1263.59,1310.17,1422.92,1436.37,1544.17,1557.89,1352.72,1371.41,1562.258,1197.152305,1197.152305,,Pakistan,1.139164376,0.766296159,1
148,Palau,PLW,GDP per capita (current US$),,,,,,,,,,,,,,,,,,,,,7728.13,8169.92,8429.27,7889.77,8397.67,9317.04,9598.92,10069.1,10438.45,9856.36,10044.33,10782.08,12013.09,12877.95,14039.66,15787.6,16600.92,16028.19,16328.65,15725.08,14784.41,12187.16,13705.65,16496.72,,Palau,0.824325521,1.124596748,1.203644338
149,Panama,PAN,GDP per capita (current US$),2071.04,2288.37,2469.14,2477.12,2527.53,2614.79,2658.35,2613.1,2211.67,2171.73,2312.99,2489.71,2770.95,2963.32,3095.16,3099.92,3580.93,3791.27,4027.32,4136.06,4111.71,4094.97,4172.69,4312.62,4638.72,4965.21,5401.56,6127.03,7110.23,7532.4,8039.76,9314.69,10674.49,11841.89,12756.95,13606.6,14344.09,15178.3,15612.33,15830.98,12615.88,14664.31,16037.64,17191.15,,Panama,1.162369357,1.093651253,1.071925167
150,Papua New Guinea,PNG,GDP per capita (current US$),1380.84,1319.41,1223.39,1194.66,1079.59,975.967,1039.81,1159.83,1565.17,1455.04,1265.88,1444.1,1546.58,1713.71,1834.98,1581.63,1639.77,1527.44,1138.37,1013.23,1007.52,862.099,814.701,995.275,1111.94,1269.53,1411.9,1576.16,1883.53,1833.09,2132.19,2552.04,2865.78,2800.17,2992.71,2742.92,2567.58,2755.49,2861.45,2886.59,2808.92,3004.99,3269.47,3461.26,,Papua New Guinea,1.069800418,1.088016021,1.058659283
151,Paraguay,PRY,GDP per capita (current US$),1299.66,1608.46,1636.53,1762.99,1390.89,1154.15,1335.76,1084.7,1392.42,977.835,1185.28,1585.24,1592.06,1580.21,1681.4,1897.13,2008.19,2003.58,1824.65,1706.4,1675.79,1577.68,1312.08,1377.52,1693.89,1857.78,2285.13,2988.68,4047.71,3621.69,4326.22,5295.44,5155.17,5905.73,6050.05,5353.06,5259.92,5608.16,5703.32,5299.67,4885.4,5206.98,5626.08,5912.92,,Paraguay,1.065826189,1.080487876,1.050983793
152,Peru,PER,GDP per capita (current US$),1164.83,1373.07,1332.46,1011.73,1018.79,861.599,1263.73,2040.65,1579.55,1908.46,1301.47,1530.74,1562.58,1487.86,1839.23,2147.43,2193.69,2272.35,2141.11,1903.93,1940.24,1935.55,2017.77,2159.74,2408.09,2669.21,3106.72,3587.8,4226.54,4170.44,5055.04,5738.13,6400.4,6631.33,6565.41,6141.43,6191.12,6728.07,7007.28,6961.7,6127.48,6643.01,7034.45,7475.21,,Peru,1.084133635,1.058925592,1.062657937
153,Philippines,PHL,GDP per capita (current US$),774.484,829.816,843.471,735.714,678.342,645.597,615.047,666.915,744.307,816.961,828.821,830.407,946.762,949.733,1094.54,1237.31,1316.41,1279.84,988.487,1112.35,1087.29,1003.96,1050.3,1062.62,1137.07,1261.27,1470.83,1764.68,2011.63,1923.67,2237.16,2473.25,2721.25,2903.19,2995.5,3039.23,3107.65,3153.31,3279.52,3511.87,3323.43,3571.8,3686.84,3934.68,,Philippines,1.074732753,1.032209548,1.067220636
154,Poland,POL,GDP per capita (current US$),1595.05,1497.84,1803.46,2056.96,2042.04,1899.82,1965.54,1691.13,1819.39,1772.09,1629.05,2105.49,2315.65,2351.74,2692.7,3612.26,4066.18,4075.98,4459.1,4348.15,4485.06,4987.86,5205.52,5699.56,6684.68,8023.92,9031.8,11252.86,13999.5,11532.28,12619.62,13879.53,13096.89,13688.36,14272.29,12563.61,12438.52,13868.91,15468.26,15726.88,15718.2,17815.19,18505.72,20013.61,,Poland,1.133412074,1.03876057,1.081482595
155,Portugal,PRT,GDP per capita (current US$),3338.76,3296.65,3095.1,2838.66,2596.08,2716.65,3774.58,4724.45,5532.62,5977.58,7957.24,9026.3,10863.49,9547.64,9977.62,11787.32,12187.58,11594.76,12216.69,12487.71,11531.47,11734.88,12927.58,15793.85,18055.89,18790.56,19840.47,22813.67,24946.26,23126.18,22539.04,23213.13,20576.83,21653.51,22109.32,19252.02,19986.36,21482.83,23573.29,23333.32,22176.75,24264.39,24495.21,26044.76,,Portugal,1.094136508,1.009512498,1.063259228
156,Puerto Rico,PRI,GDP per capita (current US$),4507.15,4940.78,5146.93,5257.19,5777.44,6058.64,6495.5,6987.4,7579.34,8094.29,8675.58,9093.48,9687.44,10255.53,10942.95,11667.59,12305.02,12968.39,14430.16,15293.18,16192.13,18243.71,18972.77,19820.21,20988.99,21959.32,22935.95,23664.87,24898.34,25768.73,26435.74,27278.85,27944.74,28513.15,28981.34,29755.35,30585.55,31347.27,32789.06,32785.94,32645.4,34173.25,37822.59,39613.46,,Puerto Rico,1.046801609,1.106789398,1.047349186
157,Qatar,QAT,GDP per capita (current US$),27242.48,27819.57,22657.37,18003.76,17496.54,15495.7,11644.46,11773.23,10853.9,11039.94,13150.17,11500.52,13038.98,11797.16,12009.4,13689.65,15143.48,18841.6,15421.78,19689.65,30461.31,28600.03,30701.13,35919.76,42548.12,54357.78,60591.78,65934.27,72484.63,53822.91,69796.14,96827.86,101933.12,99180.39,93054.14,66346.96,57965.39,59127.51,66421.69,62817.06,53797.94,68581.04,84514.14,87247.61,,Qatar,1.274789385,1.232325191,1.032343356
158,Romania,ROU,GDP per capita (current US$),2052.08,2450.35,2441.21,2125.16,1710.3,2102,2264.37,2517.95,2593.06,2314.74,1641.86,1241.06,847.68,1147.33,1317.05,1563.12,1565.47,1571.69,1885.35,1600.88,1661.71,1802.68,2113.6,2672.81,3483.73,4604.45,5740.4,8262.41,10385.85,8517.6,8194.72,9075.96,8491.03,9530.44,10021.54,8942.2,9520.44,10776.67,12361.14,12861.28,12908.81,14667.09,14825.21,16181.43,,Romania,1.136207587,1.010780667,1.091480525
159,Russian Federation,RUS,GDP per capita (current US$),,,,,,,,,,,,,618.067,1322.01,1979.41,2264.34,2787.02,2935.03,1949.8,1427.31,1901.96,2255.25,2552.79,3197.57,4403.96,5708.84,7426.01,9761.37,12464.24,9156.97,11431.15,14306.43,15287.97,15928.7,14007.51,9257.94,8723.52,10724,11261.71,11516.6,10148.24,12198.21,12574.93,11792.47,,Russian Federation,1.202002455,1.030882638,0.937776493
160,Rwanda,RWA,GDP per capita (current US$),246.832,270.249,277.906,286.046,267.553,307.388,336.618,361.179,373.315,376.967,352.159,252.037,267.285,274.716,188.382,206.781,226.723,291.413,285.211,239.568,223.143,212.113,206.57,222.518,244.043,294.344,369.716,443.725,547.499,587.036,614.796,677.595,732.078,733.789,751.989,759.764,759.492,784.138,796.811,835.187,815.824,859.052,909.91,971.603,,Rwanda,1.052986919,1.05920247,1.067801211
161,Samoa,WSM,GDP per capita (current US$),,,,,,,,,,,,,,,,,,,1614.34,1471.19,1513.03,1518.37,1597.36,1878.66,2283.06,2636.34,2778.54,3042.88,3640.07,3264.7,3566.51,3933.42,4022.1,4037.65,3937.71,4073.68,4081.75,4259.62,4266.5,4291.25,4067.82,3947.2,4058.96,4290.54,,Samoa,0.970349684,1.028311693,1.057056065
162,San Marino,SMR,GDP per capita (current US$),,,,,,,,,,,,,,,,,,,,,,,,,59293.61,61193.01,64494.91,72991.53,79110.2,67011.54,60426.24,57512.89,50336.19,51986.53,51234.87,43068.69,44308.67,45887.69,49477.28,48368,45640.98,50458.19,49901.12,52063.25,,San Marino,1.105545687,0.988959731,1.043328305
163,Sao Tome and Principe,STP,GDP per capita (current US$),775.709,931.011,876.128,800.45,812.985,837.601,1142.83,1111.67,922.926,892.384,1050.25,920.765,788.501,1033.02,1058.93,820.593,1050.1,700.969,541.273,568.499,550.516,505.213,552.891,647.954,692.685,809.407,839.546,885.101,1125.88,1098.37,1128.31,1302.78,1380.11,1619.71,1826.92,1623.81,1737.73,1842.33,1988.72,2021.93,2189.68,2330.68,2315.16,2453.8,,Sao Tome and Principe,1.064393545,0.99334142,1.059884466
164,Saudi Arabia,SAU,GDP per capita (current US$),17655.14,18832.06,14912.74,11972.19,10558.77,8732.74,6955.05,6524.16,6398.84,6583.29,7734.98,8280.18,8077.77,7686.01,7626.36,7893.42,8527.67,8706.35,7525.3,8092.7,9256.54,8778.39,8822.51,9800.53,11467.1,14068.22,15603.99,16666.63,20157.3,16094.68,19163.34,23654.87,25208.16,24892.99,24929.32,21063.31,20288.92,21113.96,23538.94,23173.84,20088.52,23507.28,28759.28,27700.39,,Saudi Arabia,1.170184447,1.223420144,0.963180922
165,Senegal,SEN,GDP per capita (current US$),767.971,677.895,645.371,559.501,529.935,563.25,773.089,902.227,865.667,828.149,936.147,894.484,930.567,852.609,560.956,693.417,706.865,642.569,686.369,689.683,614.003,648.446,680.83,831.623,931.745,993.237,1027.79,1197.55,1403.8,1307.52,1272.62,1366.53,1318.61,1372.69,1397.02,1219.37,1269.55,1361.22,1458.73,1430.21,1465.24,1606.6,1608.64,1767.81,,Senegal,1.096475399,1.001268514,1.098947435
166,Serbia,SRB,GDP per capita (current US$),,,,,,,,,,,,,,,,,,2927.95,2302.29,1508.72,1239.75,1642.08,2158.38,2838.5,3317.62,3697.9,4401.87,5882.94,7092.36,6172.49,5677.55,6814.65,6016.79,6757.47,6603.5,5588.98,5765.2,6292.55,7252.4,7391.84,7699.91,9178.15,9502.71,10648.41,,Serbia,1.191981415,1.035361803,1.120566053
167,Seychelles,SYC,GDP per capita (current US$),2329.35,2403.46,2293.94,2280.45,2338.08,2588.55,3165.95,3638.99,4128.12,4407.2,5302.84,5314.66,6128.35,6559.09,6555.43,6748.83,6583.09,7280.93,7715.78,7747.49,7578.83,7663.08,8431.92,8524.94,10176.66,11093.31,12014.42,12155.7,11480.43,9707.27,10805.1,11647.02,11999.9,14762.22,14701.37,14786.12,15199.21,16180.94,16143.37,16389.25,12362.32,14931.13,17693,18075.02,,Seychelles,1.2077937,1.184973797,1.021591478
168,Sierra Leone,SLE,GDP per capita (current US$),479.601,501.744,552.581,469.374,539.979,450.535,330.043,281.362,451.564,405.247,219.455,261.748,228.231,259.186,308.752,295.71,318.646,286.074,223.939,218.906,205.251,228.033,251.704,265.323,264.775,285.106,323.259,360.425,409.443,391.213,401.835,448.324,566.37,716.148,713.53,592.903,525.948,495.812,533.972,527.171,508.812,520.503,513.338,502.569,,Sierra Leone,1.022977052,0.986234469,0.979021619
169,Singapore,SGP,GDP per capita (current US$),5004.99,5672.11,6000.03,6717.84,7160.26,6788.39,6870.77,7794.69,9328.95,10725.74,12763.34,14501.96,16136.24,18290.13,21552.41,24914.85,26232.87,26375.87,21829.28,21796.64,23852.83,21699.75,22159.83,23730.38,27608.08,29961.31,33768.45,39432.9,40008.58,38926.81,47236.67,53891.46,55547.55,56967.43,57564.8,55645.61,56846.27,61175.44,66675.77,65641.31,60727.62,72794.91,79575.89,85226.11,,Singapore,1.198711736,1.093151916,1.071004181
170,Sint Maarten (Dutch part),SXM,GDP per capita (current US$),,,,,,,,,,,,,,,,,,,,,,,,,,,,,,,,,,,,,,,,,,,,,,Sint Maarten (Dutch part),,,
171,Slovak Republic,SVK,GDP per capita (current US$),,,,,,,,,,,,,,2571.85,2950.86,3711.95,4004.8,4076.5,4236.57,3869.05,3839.8,3982.44,4626.83,6341.56,8040.07,9141.86,10700.36,14374.87,18074.62,16591.52,16784.02,18402.63,17502.51,18274.11,18713.38,16326.57,16529.16,17553.89,19395.85,19288.57,19254.45,21053.42,21665.37,23942.92,,Slovak Republic,1.093431616,1.029066584,1.105123702
172,Slovenia,SVN,GDP per capita (current US$),,,,,,,,,,,,,9639.26,8357.86,8468.16,10748.36,10810.79,10470.5,11168.22,11509.46,10259.49,10502.32,11804.77,14873.63,17254.83,18152.13,19723.8,23912.49,27744.21,24854.23,23570.18,25156.14,22674.49,23516.53,24263.96,20898.91,21681.34,23511.32,26217.34,26039.1,25548.77,29192.85,30159.14,33056.72,,Slovenia,1.142632564,1.033100295,1.096076168
173,Solomon Islands,SLB,GDP per capita (current US$),792.892,812.412,782.557,711.779,691.12,611.224,529.396,540.766,598.363,570.084,689.044,709.37,815.296,885.877,1153.43,1306.78,1382.06,1386.18,1171.8,1216.04,1018.21,966.896,796.557,789.832,868.352,1016.05,1120.38,1260.21,1388.57,1429.21,1608.46,1951.49,2167.12,2286.05,2326.59,2231.83,2299.88,2291.68,2398.81,2356.62,2258.2,2303.01,2333.76,2440.61,,Solomon Islands,1.019840121,1.013353857,1.045786647
174,Somalia,SOM,GDP per capita (current US$),,,,,,,,,,,,,,,,,,,,,,,,,,,,,,,,,301.676,316.021,312.727,310.457,312.857,326.515,327.321,346.156,471.407,486.53,543.833,572.239,,Somalia,1.032080559,1.117778965,1.052232947
175,South Africa,ZAF,GDP per capita (current US$),2853.53,2865.01,2561.74,2783.1,2400.34,1792.07,2003.02,2570.27,2704.74,2753.51,3140.34,3289.04,3481.42,3390.85,3446.84,3752.38,3499.2,3555.71,3159.39,3087.27,3039.04,2659.48,2496.99,3744.26,4838.95,5383.76,5610.63,6091.65,5765.55,5880.32,7311.74,7997.07,7487.85,6824.45,6429.83,5731.73,5266.88,6678.29,6984.47,6598.88,5624.5,6950.43,6979.44,7222.28,,South Africa,1.235742377,1.004173409,1.034793479
176,South Sudan,SSD,GDP per capita (current US$),,,,,,,,,,,,,,,,,,,,,,,,,,,,,,,,1644.74,1041.46,1337.23,1334.09,1245.68,286.208,277.692,359.062,343.006,486.946,364.39,392.704,717.421,,South Sudan,0.748317062,1.077702462,1.826874694
177,Spain,ESP,GDP per capita (current US$),6128.02,5381.91,5171.54,4501.84,4471.65,4694.76,6477.3,8187.29,9598.67,10566.13,13693.64,14697.5,16013.16,13409.7,13419.62,15475.61,16095.75,14782.95,15457.11,15814.19,14761.11,15400.91,17097.92,21501.07,24932.13,26438.03,28414.13,32588.56,35484.39,32131.38,30566.88,31676.69,28344.78,29084.96,29524.76,25764.22,26535.55,28196.76,30423.17,29576.25,27039.18,30089.52,30156.69,31781.08,,Spain,1.112811742,1.002232339,1.053865168
178,Sri Lanka,LKA,GDP per capita (current US$),323.039,331.643,353.59,377.293,437.552,428.611,454.825,468.952,485.277,482.238,546.464,591.178,630.112,666.574,761.606,802.204,873.9,971.235,992.717,992.283,1030.76,984.014,1027.09,1124.83,1218.73,1429.45,1642.83,1865.88,2332.26,2391.7,2799.96,3199.48,3347.89,3607.15,3817.13,3841.52,3885.76,4076.75,4057.33,3851.67,3680.67,3742.68,3698.56,3911.89,,Sri Lanka,1.016845828,0.988211917,1.057679761
179,St. Kitts and Nevis,KNA,GDP per capita (current US$),1338.75,1609.73,1847.25,1829.84,2144.8,2406.13,2851.26,3289.06,3926.96,4392.77,4969.88,4912.92,5386.94,5806.09,6407.52,6819.77,7195.17,8010.44,8260.89,8670.83,9279.58,9962.55,10304.32,9922.48,10566.96,11256.64,13095.2,13845.79,14925.41,14696.76,14776.44,15724.4,15219.76,15794.36,17056.03,17004.85,17708.18,19144.1,19269.74,20602.48,17179.48,16467.44,19117.11,20644.69,,St. Kitts and Nevis,0.958552708,1.160903587,1.079906695
180,St. Lucia,LCA,GDP per capita (current US$),1461.63,1645.76,1532.1,1627.37,2046.75,2279.31,2683.77,2922.11,3295.16,3668.65,4321.5,4512.06,4878.67,4922.92,5029.65,5272.06,5364.12,5385.85,5773.29,5998.31,5978.96,5652.12,5655.55,6147.79,6567.74,6911.11,7622.71,7936.94,8440.81,8508.12,8968.8,9422.39,9491.45,9750.31,10167.4,10375.92,10609.62,11262.04,11556.67,11782.75,8934.7,9754.73,11363.75,12347.51,,St. Lucia,1.091780687,1.164947091,1.086569846
181,St. Martin (French part),MAF,GDP per capita (current US$),,,,,,,,,,,,,,,,,,,,,,,,,,,,,,,,,,,,,,,,,,,,,,St. Martin (French part),,,
182,St. Vincent and the Grenadines,VCT,GDP per capita (current US$),836.558,1028.22,1136.55,1212.18,1329.02,1423.41,1561.27,1693.04,1923.87,2047.7,2274.43,2392.79,2610.54,2689.6,2719.63,2969.98,3116.2,3270.01,3513.87,3675.55,3728.57,4047.33,4327.57,4494.11,4847.16,5091.6,5623.32,6272.4,6366.71,6172.79,6224.22,6171.48,6318.54,6569.79,6622.44,6867.52,7033.49,7187.49,7353.64,7470.71,7878.67,7876.98,8595.21,9390.47,,St. Vincent and the Grenadines,0.999786004,1.091181403,1.092523362
183,Sudan,SDN,GDP per capita (current US$),486.908,339.389,239.807,318.513,375.019,253.184,328.588,516.781,404.705,696.391,87.197,95.292,113.476,186.506,205.922,239.507,292.909,350.723,366.582,352.442,422.316,492.676,554.652,635.575,772.939,996.677,1249.77,1599.6,1700.51,1401.24,1637.42,2034.46,1396.29,1462.58,1628.5,1679.07,1638.51,1172.97,796.298,776.549,775.297,772.567,673.935,693.084,,Sudan,0.996478769,0.872332108,1.028413719
184,Suriname,SUR,GDP per capita (current US$),,,,,,,,,,,1320.2,1434.46,1313.63,1020.85,1133.13,2120.75,2605.67,2750.7,3264.33,2649.74,2712.6,2301.93,2872.14,3335.53,3789.59,4483.53,5208.56,5758.07,6832.95,7394.1,8224.07,8190.7,9194.15,9351.96,9379,8439.04,5435.12,6156.46,6772.07,6662.87,4786.83,4680.56,4842.75,4993.75,,Suriname,0.9777991,1.034651402,1.031181257
185,Sweden,SWE,GDP per capita (current US$),16877.24,15396.75,13576.62,12470.95,12976.14,13549.51,17852.72,21629.29,24339.27,25412.18,30253.86,31490.22,32584.88,24351.05,25978.29,30246.92,32986.12,30307.16,30585.08,30928.57,29589.14,27207.49,29846.19,37249.26,42736.88,43349.85,46425.84,53496.53,55929.86,46734.91,52658.79,60540.22,57816.02,60845.01,59704.81,51274.28,51590.47,53459.07,54295.73,51694.5,52169.94,60028.54,57977.7,61944.32,,Sweden,1.150634783,0.965835486,1.068416343
186,Switzerland,CHE,GDP per capita (current US$),19463.95,17725.79,18022.27,17864.55,17049.72,17230.79,24576.94,30563.66,32818.82,31478.2,39888.21,39868.41,40911.47,39386.14,43242,50334.16,48254.7,41697.9,42811.49,41858.39,39076.8,39949.14,42807.53,49684.27,55005.27,56662.53,59510.58,65777.73,75081.74,72462.93,77433.67,91703.05,87040.28,88724.16,90261.73,85240.79,83518.34,83700.47,86762.02,85721.73,87351.03,93719.96,96390.05,100925.49,,Switzerland,1.072911943,1.028490089,1.047053
187,Syrian Arab Republic,SYR,GDP per capita (current US$),1421.84,1763.34,1784.58,1849.43,1839.92,1965.14,2284.04,2823.16,1389.82,800.859,967.145,972.175,983.575,995.061,1060.71,1133.16,1186.16,1080.81,1028.17,1043.17,1202.89,1236.9,1305.09,1208.89,1361.5,1510.39,1726.03,2016.05,2557.21,2557.27,2806.69,,,,,,,,,,,,,,,Syrian Arab Republic,,,
188,Tajikistan,TJK,GDP per capita (current US$),,,,,,,,,,,,,52.622,121.645,147.923,100.448,183.374,192.58,222.282,177.712,159.417,167.035,187.958,236.394,308.844,337.129,401.586,519.025,702.445,666.024,738.287,834.52,949.648,1040.15,1105.2,919.073,795.981,800.802,825.77,873.499,858.445,877.575,795.038,768.871,,Tajikistan,1.022284479,0.905948779,0.967087108
189,Tanzania,TZA,GDP per capita (current US$),602.924,699.181,778.244,772.741,682.028,596.872,732.197,350.129,324.721,271.496,211.031,237.573,213.148,190.679,195.663,221.366,266.49,307.987,370.188,370.918,380.08,377.469,382.354,401.069,428.927,459.757,491.056,551.781,683.137,693.025,732.315,768.16,867.857,970.348,1030.74,947.897,966.29,1002.87,1036.93,1079.68,1110.37,1176.65,1260.07,1360.09,,Tanzania,1.059688105,1.070893759,1.079376858
190,Thailand,THA,GDP per capita (current US$),705.484,744.913,767.41,824.445,845.08,772.393,840.315,967.712,1160.54,1338.26,1564.18,1769.04,1999.2,2209.36,2491.43,2846.59,3043.98,2468.18,1845.83,2031.17,2003.61,1890.25,2094.26,2356.97,2657.91,2890.48,3366.82,3973.99,4373.45,4208.36,5073.71,5493.74,5862.99,6168.71,5952.38,5837.81,5995.21,6596.22,7293.89,7816.23,7167.52,7336.09,7448.99,7927.46,,Thailand,1.023517609,1.01538995,1.064233423
191,Timor-Leste,TLS,GDP per capita (current US$),,,,,,,,,,,,,,,,,,,,,409.156,525.331,509.279,523.851,462.954,476.785,458.878,537.236,627.16,683.31,806.413,947.511,1013.04,1210.04,1232.45,1332.79,1353.75,1286.41,1230.23,1560.51,1442.73,1757.7,1402.06,1458.79,,Timor-Leste,1.218317205,0.797663315,1.040463434
192,Togo,TGO,GDP per capita (current US$),732.896,588.837,478.885,439.533,388.995,393.789,533.68,607.02,655.62,625.669,734.496,709.22,728.16,543.291,411.811,530.121,563.018,555.862,509.651,495.79,409.01,395.012,442.768,535.373,557.462,548.803,550.519,606.783,736.985,728.529,721.036,791.925,771.891,838.357,864.996,770.358,802.935,830.452,901.932,893.161,915.625,991.51,999.91,1069.9,,Togo,1.082877816,1.008468901,1.06999951
193,Tonga,TON,GDP per capita (current US$),770.303,850.554,843.209,818.461,854.275,802.926,959.286,1037.13,1213.22,1461.36,1498.5,1750.86,1832.84,1884.49,1948.14,2123.28,2228.29,2263.66,2153.25,1994.28,2045.81,1818.18,1828.63,2015.25,2288.9,2587.3,2876.12,2925.94,3367.71,3046.76,3569.1,4014.77,4557.28,4386.11,4303.82,4298.22,4178.29,4577,4836.44,5150.55,4933.61,5002.5,5283.04,5750.41,,Tonga,1.013963409,1.056079971,1.088465938
194,Trinidad and Tobago,TTO,GDP per capita (current US$),5847.71,6454.42,7393.15,6939.44,6831.22,6411.21,4121.17,4085.59,3798.75,3625.72,4221.81,4392.87,4474.14,3743.58,4027.42,4322.26,4658.87,4632.81,4872.62,5478.86,6545.95,7046.38,7162.51,8931.03,10442.17,12471.95,14280.04,16818.28,21479.28,14809.02,16957.43,19300.83,19157.45,20143.46,20270.95,18214.37,16256.46,16173.66,17037.95,16637.11,15285.94,15201.11,17920.96,17611.48,,Trinidad and Tobago,0.994450717,1.178924255,0.982730615
195,Tunisia,TUN,GDP per capita (current US$),1482.82,1390.41,1309.9,1322.84,1286.6,1271.85,1312.23,1382.41,1411.51,1386.02,1636.64,1687.19,1973.45,1814.88,1903.85,2156.45,2299.38,2210.81,2295.19,2388.99,2213.95,2254.91,2345.99,2762.05,3112.91,3194.48,3371.54,3778.89,4308.91,4131.02,4140.47,4256.84,4137.57,4198.85,4274.47,3829.5,3665.68,3436.2,3442.7,3324.13,3570.64,3867.3,3763.01,3763.01,,Tunisia,1.083082025,0.973033096,1
196,Turkey,TUR,GDP per capita (current US$),2133.69,2113.07,1876.64,1753.33,1668.46,1835.18,1983.05,2260.66,2333.23,2707.9,3738.16,3691.37,3818.77,4261.64,3026.72,3880.86,4099.23,4221.92,4384.47,4020.27,4237.96,3082.9,3617.23,4684.7,6015.67,7350.89,7961.08,9640.57,10778.13,8941.4,10533.45,11221.4,11637.92,12488.97,12079.29,10973.59,10891.19,10628.9,9508,9145.77,8610.03,9527.68,8080.78,8241.22,,Turkey,1.106579664,0.848137265,1.019854388
197,Turkmenistan,TKM,GDP per capita (current US$),,,,,,,,,,,,,239.149,1335.63,1102.52,1394.43,554.283,614.767,647.355,861.861,1109.22,1514.43,1880.29,2443.63,3004.97,3596.23,4429.64,5312.93,4350.13,4036.46,4439.2,5649.98,6675.28,7304.42,7962.37,6432.67,6410.26,7248.37,7064.88,7899.96,8775.33,10310.54,12273.66,13419.79,,Turkmenistan,1.174945558,1.190400207,1.093381332
198,Turks and Caicos Islands,TCA,GDP per capita (current US$),,,,,,,,,,,,,,,,,,,,,,,,,,,,,,,,,,,,,,,,,,,,,,Turks and Caicos Islands,,,
199,Tuvalu,TUV,GDP per capita (current US$),,,,,,,,,,,,,,,,,,,,,,,1661.54,1946.38,2255.92,2229.48,2324.76,2713.06,3026.81,2668.3,3034.68,3644.11,3497.67,3461.77,3412.24,3238.99,3637.44,4255.25,4507.67,5052.11,5105.93,5833.98,6046.53,6500.54,,Tuvalu,1.142589611,1.036433802,1.075085024
200,Uganda,UGA,GDP per capita (current US$),664.574,1044.13,703.042,779.82,581.032,514.181,494.509,768.935,767.651,599.952,472.193,238.48,216.036,247.107,346.255,401.893,401.413,423.918,402.455,370.515,355.466,347.812,361.953,361.772,430.758,483.032,527.739,634.361,784.496,815.808,808.713,872.039,950.56,964.833,960.698,773.284,808.445,833.42,881.5,954.253,908.354,1000.46,1060.43,1112.19,,Uganda,1.101400996,1.059937309,1.048811469
201,Ukraine,UKR,GDP per capita (current US$),,,,,,,,,,,,,427.863,677.261,740.97,752.339,914.348,1037.89,874.265,664.99,664.376,784.864,885.315,1055.95,1374.75,1839.52,2319.29,3101.39,3944.72,2557.28,2982.81,3589.63,3872.53,3968.8,3053.61,2124.62,2200,2655.66,3118.27,3690.07,3750.9,4827.95,3750.9,3750.9,,Ukraine,1.287144609,0.776913482,1
202,United Arab Emirates,ARE,GDP per capita (current US$),40014.58,40910.92,35767.65,31690.07,29017.09,27036,20533.02,21644.07,18435.2,20478.53,26621.51,25847.41,25960.97,25654.37,25762.53,26394.42,29058.86,29523.49,25897.65,27321.04,34688.98,32621.29,32790.71,35017.31,39304.51,43988.67,44313.59,41472.29,39074.84,30920.45,35064.26,41194.73,42723.58,43197.43,43340.02,37380.57,36226.23,41443.89,45075.57,43900.15,38661.18,42883.69,50348.82,49842.05,,United Arab Emirates,1.109218354,1.174078553,0.989934818
203,United Kingdom,GBR,GDP per capita (current US$),10722.22,10427.13,9925.57,9455.14,8944.86,9494.26,11556.81,14312.48,17386.5,17650.68,20854.87,21725.34,22385.42,19997.19,21425.4,23125.86,24359.37,26726.5,28247.54,28672.04,28212.73,27727.89,30032.21,34421.36,40252.45,41971.8,44549.73,50467.11,47753.72,38885.08,39579.62,42044.62,42453.47,43444.63,47480.8,45053.49,41177.83,40349.87,43063.74,42416.6,41127.44,47202.58,49761.13,54109.61,,United Kingdom,1.147714945,1.054203498,1.087387251
204,United States,USA,GDP per capita (current US$),12552.94,13948.7,14404.99,15513.68,17086.44,18199.32,19034.77,20000.97,21376,22814.08,23847.98,24302.78,25392.93,26364.19,27674.02,28671.48,29946.97,31440.09,32833.67,34494.54,36317.74,37101.1,37971.28,39411.55,41629.86,44025.56,46213.51,47869.24,48283.41,47007.67,48403.3,49829.06,51563.13,53071.82,55024.66,56848.51,58017.23,59885.71,62769.66,65051.88,63078.47,69231.4,76027.04,79709.6,,United States,1.097544042,1.098158393,1.048437515
205,Uruguay,URY,GDP per capita (current US$),4139.9,4588.98,3727.41,2032.97,1920.9,1865.11,2302.54,2864.7,2946.36,3088.01,3573.1,4281.11,4890.51,5663.12,6534.6,7171.51,7577.01,7925.92,8329.08,7814.55,7405.97,6776.82,4425.12,3926.71,4456.8,5637.98,6347.28,7587.88,9808.92,10181.7,12883.88,15267.78,16253.47,18167.35,18003.22,16692.65,16446.23,18388.31,18472.86,17601.27,15169.15,16756.34,18082.83,18782.33,,Uruguay,1.104632803,1.079163331,1.038682824
206,Uzbekistan,UZB,GDP per capita (current US$),,,,,,,,,,,,,204.157,308.501,358.606,549.093,712.051,728.846,729.786,820.07,662.677,554.551,454.86,471.218,552.275,650.58,765.491,989.675,1249.97,1437.65,1667.27,1941.69,2152.95,2300.78,2514.07,2621.98,2575.52,1899.66,1611.23,1801.43,1766.47,2002.44,2071.37,2273.94,,Uzbekistan,1.133579738,1.03442154,1.097796863
207,Vanuatu,VUT,GDP per capita (current US$),1053.85,956.137,930.89,931.689,1111.4,976.747,918.675,989.126,1092.05,1054.9,1141.04,1333.39,1357.7,1277.01,1422.85,1479.57,1511.71,1537.62,1441.11,1435.66,1422.23,1317.09,1313.46,1542.06,1743.29,1824.51,1985.36,2308.55,2540.72,2519.63,2719.25,3007.56,2934.85,2940.19,2947.95,2771.66,2844.13,3158.84,3256.32,3147.05,3294.72,3045.43,3144.84,3207.77,,Vanuatu,0.924334155,1.03264372,1.020011835
208,"Venezuela, RB",VEN,GDP per capita (current US$),4671.08,5085.58,5041.59,4883.23,3447.45,3472.19,3488.56,2619.24,3292.79,2378.16,2492.94,2685.29,2968.5,2876.08,2741.98,3559.77,3174.63,3778.54,3970.43,4133.37,4820.65,4963.92,3778.26,3266.1,4312,5421.66,6646.8,8538.1,11079.07,9557.55,11158.18,12180.03,11993.39,8695.04,6747.67,10568.1,9092.02,4725.05,3404.43,2299.31,1690.66,1685.66,1823.6,1877.25,,"Venezuela, RB",0.99704139,1.081834561,1.029417603
209,Vietnam,VNM,GDP per capita (current US$),652.593,318.521,414.347,612.565,1044.41,318.956,705.99,856.91,464.581,123.364,121.715,141.111,178.973,234.982,285.953,358.661,419.063,449.338,448.118,465.248,498.579,513.197,546.555,610.357,756.981,873.136,996.255,1152.3,1446.77,1481.81,1628.52,1950.46,2197.61,2370.09,2566.91,2582.39,2720.19,2957.9,3201.69,3398.21,3520.74,3724.54,4121.5,4621.64,,Vietnam,1.057887011,1.106579787,1.121347935
210,Virgin Islands (U.S.),VIR,GDP per capita (current US$),,,,,,,,,,,,,,,,,,,,,,,,,,,,,,,,,,,,,,,,,,,,,,Virgin Islands (U.S.),,,
211,West Bank and Gaza,PSE,GDP per capita (current US$),,,,,,,,,,,,,,,1227.24,1322.06,1296.08,1350.95,1416.58,1441.89,1412.75,1275.69,1102.5,1197.16,1350.91,1461.09,1480.7,1563.7,1913.32,2061.56,2406.26,2711.92,2888.6,3122.99,3158.6,3084.13,3325.85,3407.31,3353.23,3442.75,3044.74,3400.48,3681.84,3816.43,,West Bank and Gaza,1.116834453,1.082743146,1.036555625
212,"Yemen, Rep.",YEM,GDP per capita (current US$),,,,,,,,,,,1046.18,1158.44,1351.44,1558.43,1919.18,840.832,411.266,418.526,374.911,439.292,539.641,532.421,560.031,597.771,682.148,797.704,881.648,971.326,1171.17,1060.93,1266.79,1302.3,1367.72,1515.95,1574.25,1500.69,1061.84,895.427,701.126,691.587,622.897,712.305,890.998,916.781,,"Yemen, Rep.",1.143535769,1.250865851,1.028937214
213,Zambia,ZMB,GDP per capita (current US$),718.795,718.743,672.013,562.441,448.532,412.851,276.151,332.268,543.316,561.832,509.752,446.778,424.949,405.587,405.544,410.542,378.71,440.701,352.627,330.283,340.164,376.986,376.468,429.01,530.54,691.554,1030.69,1103.69,1365.93,1135.01,1456.05,1635.17,1724.63,1839.33,1726.65,1310.46,1254.12,1500.96,1480.42,1272.24,959.15,1066.67,1330.37,1342.31,,Zambia,1.112102616,1.247220558,1.008972665
214,Zimbabwe,ZWE,GDP per capita (current US$),,,,,,,,,,,1036.53,936.263,748.65,702.439,714.032,717.092,849.876,881.223,1029.2,1003.83,969.824,964.08,922.878,822.472,806.898,764.632,677.881,646.558,553.376,790.352,975.851,1131.84,1310.37,1421.55,1415.03,1425.01,1409.45,1526.71,1606.11,1314.09,1523.84,2102.18,2300.56,2143.88,,Zimbabwe,1.379532561,1.094368703,0.931893539
